Specie,CellDensity,N,Condition,Day,IF_population_Cumulative,awake_well_ratio
PY1,10^0,1,CFS_Cat,0,0,0
PY1,10^0,1,CFS_Cat,6.875,0,0
PY1,10^0,1,CFS_Cat,15.60416667,0,0
PY1,10^0,1,CFS_Cat,25.875,0,0
PY1,10^0,1,CFS_Cat,33.77083333,0,0
PY1,10^0,1,CFS_Cat,48.70833333,0,0
PY1,10^0,2,CFS_Cat,0,0,0
PY1,10^0,2,CFS_Cat,6.875,0,0
PY1,10^0,2,CFS_Cat,15.60416667,0,0
PY1,10^0,2,CFS_Cat,25.875,0,0
PY1,10^0,2,CFS_Cat,33.77083333,0,0
PY1,10^0,2,CFS_Cat,48.70833333,0,0
PY1,10^0,3,CFS_Cat,0,0,0
PY1,10^0,3,CFS_Cat,6.875,0,0
PY1,10^0,3,CFS_Cat,15.60416667,0,0
PY1,10^0,3,CFS_Cat,25.875,0,0
PY1,10^0,3,CFS_Cat,33.77083333,0,0
PY1,10^0,3,CFS_Cat,48.70833333,0,0
PY1,10^1,1,CFS_Cat,0,0,0
PY1,10^1,1,CFS_Cat,6.875,0,0
PY1,10^1,1,CFS_Cat,25.875,0,0
PY1,10^1,1,CFS_Cat,28.75,7,0.5833333333333334
PY1,10^1,1,CFS_Cat,33.77083333,12,1
PY1,10^1,1,CFS_Cat,37.64583333,12,1
PY1,10^1,1,CFS_Cat,40.52083333,12,1
PY1,10^1,1,CFS_Cat,44.70833333,12,1
PY1,10^1,1,CFS_Cat,48.70833333,12,1
PY1,10^1,1,CFS_Cat,56.625,12,1
PY1,10^1,1,noCFS_Cat,65.95833333,0,0
PY1,10^1,1,noCFS_Cat,87.91666667,0,0
PY1,10^1,1,noCFS_Cat,109.7916667,0,0
PY1,10^1,1,noCFS_Cat,130.6875,1,0.08333333333333333
PY1,10^1,1,noCFS_Cat,135.8333333,1,0.08333333333333333
PY1,10^1,1,noCFS_Cat,145.7083333,1,0.08333333333333333
PY1,10^1,1,noCFS_Cat,166.7916667,1,0.08333333333333333
PY1,10^1,1,noCFS_Cat,207.8125,2,0.16666666666666666
PY1,10^1,1,noCFS_Cat,229.8541667,2,0.16666666666666666
PY1,10^1,1,noCFS_Cat,269.0208333,2,0.16666666666666666
PY1,10^1,1,noCFS_Cat_ctrl,0,0,0
PY1,10^1,1,noCFS_Cat_ctrl,6.875,0,0
PY1,10^1,1,noCFS_Cat_ctrl,37.64583333,0,0
PY1,10^1,1,noCFS_Cat_ctrl,48.70833333,0,0
PY1,10^1,2,CFS_Cat,0,0,0
PY1,10^1,2,CFS_Cat,6.875,0,0
PY1,10^1,2,CFS_Cat,25.875,0,0
PY1,10^1,2,CFS_Cat,28.75,1,0.08333333333333333
PY1,10^1,2,CFS_Cat,33.77083333,9,0.75
PY1,10^1,2,CFS_Cat,37.64583333,9,0.75
PY1,10^1,2,CFS_Cat,40.52083333,9,0.75
PY1,10^1,2,CFS_Cat,44.70833333,9,0.75
PY1,10^1,2,CFS_Cat,48.70833333,9,0.75
PY1,10^1,2,CFS_Cat,56.625,9,0.75
PY1,10^1,2,noCFS_Cat,65.95833333,0,0
PY1,10^1,2,noCFS_Cat,87.91666667,0,0
PY1,10^1,2,noCFS_Cat,109.7916667,0,0
PY1,10^1,2,noCFS_Cat,130.6875,0,0
PY1,10^1,2,noCFS_Cat,135.8333333,0,0
PY1,10^1,2,noCFS_Cat,145.7083333,0,0
PY1,10^1,2,noCFS_Cat,166.7916667,0,0
PY1,10^1,2,noCFS_Cat,207.8125,3,0.25
PY1,10^1,2,noCFS_Cat,229.8541667,4,0.3333333333333333
PY1,10^1,2,noCFS_Cat,269.0208333,4,0.3333333333333333
PY1,10^1,2,noCFS_Cat_ctrl,0,0,0
PY1,10^1,2,noCFS_Cat_ctrl,6.875,0,0
PY1,10^1,2,noCFS_Cat_ctrl,37.64583333,0,0
PY1,10^1,2,noCFS_Cat_ctrl,48.70833333,0,0
PY1,10^1,3,CFS_Cat,0,0,0
PY1,10^1,3,CFS_Cat,6.875,0,0
PY1,10^1,3,CFS_Cat,25.875,0,0
PY1,10^1,3,CFS_Cat,28.75,8,0.6666666666666666
PY1,10^1,3,CFS_Cat,33.77083333,11,0.9166666666666666
PY1,10^1,3,CFS_Cat,37.64583333,11,0.9166666666666666
PY1,10^1,3,CFS_Cat,40.52083333,11,0.9166666666666666
PY1,10^1,3,CFS_Cat,44.70833333,11,0.9166666666666666
PY1,10^1,3,CFS_Cat,48.70833333,11,0.9166666666666666
PY1,10^1,3,CFS_Cat,56.625,11,0.9166666666666666
PY1,10^1,3,noCFS_Cat,65.95833333,0,0
PY1,10^1,3,noCFS_Cat,87.91666667,1,0.08333333333333333
PY1,10^1,3,noCFS_Cat,109.7916667,1,0.08333333333333333
PY1,10^1,3,noCFS_Cat,130.6875,1,0.08333333333333333
PY1,10^1,3,noCFS_Cat,135.8333333,2,0.16666666666666666
PY1,10^1,3,noCFS_Cat,145.7083333,2,0.16666666666666666
PY1,10^1,3,noCFS_Cat,166.7916667,3,0.25
PY1,10^1,3,noCFS_Cat,207.8125,7,0.5833333333333334
PY1,10^1,3,noCFS_Cat,229.8541667,8,0.6666666666666666
PY1,10^1,3,noCFS_Cat,269.0208333,8,0.6666666666666666
PY1,10^1,3,noCFS_Cat_ctrl,0,0,0
PY1,10^1,3,noCFS_Cat_ctrl,6.875,0,0
PY1,10^1,3,noCFS_Cat_ctrl,37.64583333,0,0
PY1,10^1,3,noCFS_Cat_ctrl,48.70833333,0,0
PY1,10^3,1,CFS_Cat,0,0,0
PY1,10^3,1,CFS_Cat,5.8125,0,0
PY1,10^3,1,CFS_Cat,12.64583333,0,0
PY1,10^3,1,CFS_Cat,15.60416667,0,0
PY1,10^3,1,CFS_Cat,18.83333333,4,0.3333333333333333
PY1,10^3,1,CFS_Cat,20.79166667,12,1
PY1,10^3,1,CFS_Cat,23.875,12,1
PY1,10^3,1,CFS_Cat,25.875,12,1
PY1,10^3,1,CFS_Cat,28.75,12,1
PY1,10^3,1,noCFS_Cat,8.916666667,0,0
PY1,10^3,1,noCFS_Cat,16.58333333,0,0
PY1,10^3,1,noCFS_Cat,29.8125,3,0.25
PY1,10^3,1,noCFS_Cat,32.66666667,5,0.4166666666666667
PY1,10^3,1,noCFS_Cat,36.79166667,6,0.5
PY1,10^3,1,noCFS_Cat,43.66666667,7,0.5833333333333334
PY1,10^3,1,noCFS_Cat,50.875,7,0.5833333333333334
PY1,10^3,1,noCFS_Cat,58.60416667,8,0.6666666666666666
PY1,10^3,1,noCFS_Cat,65.89583333,10,0.8333333333333334
PY1,10^3,1,noCFS_Cat,72.77083333,11,0.9166666666666666
PY1,10^3,1,noCFS_Cat,79.58333333,12,1
PY1,10^3,1,noCFS_Cat,86.83333333,12,1
PY1,10^3,1,noCFS_Cat,92.70833333,12,1
PY1,10^3,1,noCFS_Cat,107.75,12,1
PY1,10^3,1,noCFS_Cat,115.7916667,12,1
PY1,10^3,1,noCFS_Cat_ctrl,0,0,0
PY1,10^3,1,noCFS_Cat_ctrl,5.8125,0,0
PY1,10^3,1,noCFS_Cat_ctrl,12.64583333,0,0
PY1,10^3,1,noCFS_Cat_ctrl,23.875,0,0
PY1,10^3,1,noCFS_Cat_ctrl,33.77083333,3,0.25
PY1,10^3,1,noCFS_Cat_ctrl,37.64583333,3,0.25
PY1,10^3,1,noCFS_Cat_ctrl,40.52083333,3,0.25
PY1,10^3,1,noCFS_Cat_ctrl,44.70833333,3,0.25
PY1,10^3,1,noCFS_Cat_ctrl,48.70833333,3,0.25
PY1,10^3,1,noCFS_Cat_ctrl,56.625,3,0.25
PY1,10^3,2,CFS_Cat,0,0,0
PY1,10^3,2,CFS_Cat,5.8125,0,0
PY1,10^3,2,CFS_Cat,12.64583333,0,0
PY1,10^3,2,CFS_Cat,15.60416667,0,0
PY1,10^3,2,CFS_Cat,18.83333333,0,0
PY1,10^3,2,CFS_Cat,20.79166667,12,1
PY1,10^3,2,CFS_Cat,23.875,12,1
PY1,10^3,2,CFS_Cat,25.875,12,1
PY1,10^3,2,CFS_Cat,28.75,12,1
PY1,10^3,2,noCFS_Cat,8.916666667,0,0
PY1,10^3,2,noCFS_Cat,16.58333333,0,0
PY1,10^3,2,noCFS_Cat,29.8125,1,0.08333333333333333
PY1,10^3,2,noCFS_Cat,32.66666667,3,0.25
PY1,10^3,2,noCFS_Cat,36.79166667,3,0.25
PY1,10^3,2,noCFS_Cat,43.66666667,4,0.3333333333333333
PY1,10^3,2,noCFS_Cat,50.875,5,0.4166666666666667
PY1,10^3,2,noCFS_Cat,58.60416667,7,0.5833333333333334
PY1,10^3,2,noCFS_Cat,65.89583333,11,0.9166666666666666
PY1,10^3,2,noCFS_Cat,72.77083333,11,0.9166666666666666
PY1,10^3,2,noCFS_Cat,73.89583333,11,0.9166666666666666
PY1,10^3,2,noCFS_Cat,79.58333333,12,1
PY1,10^3,2,noCFS_Cat,86.83333333,12,1
PY1,10^3,2,noCFS_Cat,92.70833333,12,1
PY1,10^3,2,noCFS_Cat,107.75,12,1
PY1,10^3,2,noCFS_Cat,115.7916667,12,1
PY1,10^3,2,noCFS_Cat_ctrl,0,0,0
PY1,10^3,2,noCFS_Cat_ctrl,5.8125,0,0
PY1,10^3,2,noCFS_Cat_ctrl,12.64583333,0,0
PY1,10^3,2,noCFS_Cat_ctrl,23.875,0,0
PY1,10^3,2,noCFS_Cat_ctrl,33.77083333,2,0.16666666666666666
PY1,10^3,2,noCFS_Cat_ctrl,37.64583333,5,0.4166666666666667
PY1,10^3,2,noCFS_Cat_ctrl,40.52083333,5,0.4166666666666667
PY1,10^3,2,noCFS_Cat_ctrl,44.70833333,5,0.4166666666666667
PY1,10^3,2,noCFS_Cat_ctrl,48.70833333,5,0.4166666666666667
PY1,10^3,2,noCFS_Cat_ctrl,56.625,6,0.5
PY1,10^3,3,CFS_Cat,0,0,0
PY1,10^3,3,CFS_Cat,5.8125,0,0
PY1,10^3,3,CFS_Cat,12.64583333,0,0
PY1,10^3,3,CFS_Cat,15.60416667,0,0
PY1,10^3,3,CFS_Cat,18.83333333,0,0
PY1,10^3,3,CFS_Cat,20.79166667,12,1
PY1,10^3,3,CFS_Cat,23.875,12,1
PY1,10^3,3,CFS_Cat,25.875,12,1
PY1,10^3,3,CFS_Cat,28.75,12,1
PY1,10^3,3,noCFS_Cat,8.916666667,0,0
PY1,10^3,3,noCFS_Cat,16.58333333,0,0
PY1,10^3,3,noCFS_Cat,29.8125,1,0.08333333333333333
PY1,10^3,3,noCFS_Cat,32.66666667,3,0.25
PY1,10^3,3,noCFS_Cat,36.79166667,4,0.3333333333333333
PY1,10^3,3,noCFS_Cat,43.66666667,6,0.5
PY1,10^3,3,noCFS_Cat,50.875,9,0.75
PY1,10^3,3,noCFS_Cat,57.875,9,0.75
PY1,10^3,3,noCFS_Cat,65.89583333,9,0.75
PY1,10^3,3,noCFS_Cat,72.77083333,12,1
PY1,10^3,3,noCFS_Cat,79.58333333,12,1
PY1,10^3,3,noCFS_Cat,86.83333333,12,1
PY1,10^3,3,noCFS_Cat,92.70833333,12,1
PY1,10^3,3,noCFS_Cat,107.75,12,1
PY1,10^3,3,noCFS_Cat,115.7916667,12,1
PY1,10^3,3,noCFS_Cat_ctrl,0,0,0
PY1,10^3,3,noCFS_Cat_ctrl,5.8125,0,0
PY1,10^3,3,noCFS_Cat_ctrl,12.64583333,0,0
PY1,10^3,3,noCFS_Cat_ctrl,23.875,0,0
PY1,10^3,3,noCFS_Cat_ctrl,33.77083333,1,0.08333333333333333
PY1,10^3,3,noCFS_Cat_ctrl,37.64583333,2,0.16666666666666666
PY1,10^3,3,noCFS_Cat_ctrl,40.52083333,2,0.16666666666666666
PY1,10^3,3,noCFS_Cat_ctrl,44.70833333,2,0.16666666666666666
PY1,10^3,3,noCFS_Cat_ctrl,48.70833333,3,0.25
PY1,10^3,3,noCFS_Cat_ctrl,56.625,3,0.25
PY1,10^5,1,CFS_Cat,0,0,0
PY1,10^5,1,CFS_Cat,4.6875,0,0
PY1,10^5,1,CFS_Cat,7.833333333,0,0
PY1,10^5,1,CFS_Cat,9.875,12,1
PY1,10^5,1,CFS_Cat,12.64583333,12,1
PY1,10^5,1,CFS_Cat,15.60416667,12,1
PY1,10^5,1,CFS_Cat,18.83333333,12,1
PY1,10^5,1,CFS_Cat,20.79166667,12,1
PY1,10^5,1,CFS_Cat,23.875,12,1
PY1,10^5,1,noCFS_Cat,1.875,0,0
PY1,10^5,1,noCFS_Cat,8.875,0,0
PY1,10^5,1,noCFS_Cat,12.625,12,1
PY1,10^5,1,noCFS_Cat,15.95833333,12,1
PY1,10^5,1,noCFS_Cat,25.91666667,12,1
PY1,10^5,1,noCFS_Cat_ctrl,0,0,0
PY1,10^5,1,noCFS_Cat_ctrl,4.6875,0,0
PY1,10^5,1,noCFS_Cat_ctrl,7.833333333,0,0
PY1,10^5,1,noCFS_Cat_ctrl,9.875,0,0
PY1,10^5,1,noCFS_Cat_ctrl,12.64583333,0,0
PY1,10^5,1,noCFS_Cat_ctrl,15.60416667,0,0
PY1,10^5,1,noCFS_Cat_ctrl,18.83333333,2,0.16666666666666666
PY1,10^5,1,noCFS_Cat_ctrl,20.79166667,9,0.75
PY1,10^5,1,noCFS_Cat_ctrl,23.875,12,1
PY1,10^5,1,noCFS_Cat_ctrl,25.875,12,1
PY1,10^5,1,noCFS_Cat_ctrl,28.75,12,1
PY1,10^5,1,noCFS_Cat_ctrl,33.77083333,12,1
PY1,10^5,1,noCFS_Cat_ctrl,37.64583333,12,1
PY1,10^5,2,CFS_Cat,0,0,0
PY1,10^5,2,CFS_Cat,4.6875,0,0
PY1,10^5,2,CFS_Cat,7.833333333,0,0
PY1,10^5,2,CFS_Cat,9.875,0,0
PY1,10^5,2,CFS_Cat,12.64583333,12,1
PY1,10^5,2,CFS_Cat,15.60416667,12,1
PY1,10^5,2,CFS_Cat,18.83333333,12,1
PY1,10^5,2,CFS_Cat,20.79166667,12,1
PY1,10^5,2,CFS_Cat,23.875,12,1
PY1,10^5,2,noCFS_Cat,1.875,0,0
PY1,10^5,2,noCFS_Cat,8.875,0,0
PY1,10^5,2,noCFS_Cat,12.625,12,1
PY1,10^5,2,noCFS_Cat,15.95833333,12,1
PY1,10^5,2,noCFS_Cat,25.91666667,12,1
PY1,10^5,2,noCFS_Cat_ctrl,0,0,0
PY1,10^5,2,noCFS_Cat_ctrl,4.6875,0,0
PY1,10^5,2,noCFS_Cat_ctrl,7.833333333,0,0
PY1,10^5,2,noCFS_Cat_ctrl,9.875,0,0
PY1,10^5,2,noCFS_Cat_ctrl,12.64583333,0,0
PY1,10^5,2,noCFS_Cat_ctrl,15.60416667,0,0
PY1,10^5,2,noCFS_Cat_ctrl,18.83333333,0,0
PY1,10^5,2,noCFS_Cat_ctrl,20.79166667,0,0
PY1,10^5,2,noCFS_Cat_ctrl,23.875,12,1
PY1,10^5,2,noCFS_Cat_ctrl,25.875,12,1
PY1,10^5,2,noCFS_Cat_ctrl,28.75,12,1
PY1,10^5,2,noCFS_Cat_ctrl,33.77083333,12,1
PY1,10^5,2,noCFS_Cat_ctrl,37.64583333,12,1
PY1,10^5,3,CFS_Cat,0,0,0
PY1,10^5,3,CFS_Cat,4.6875,0,0
PY1,10^5,3,CFS_Cat,7.833333333,0,0
PY1,10^5,3,CFS_Cat,9.875,12,1
PY1,10^5,3,CFS_Cat,12.64583333,12,1
PY1,10^5,3,CFS_Cat,15.60416667,12,1
PY1,10^5,3,CFS_Cat,18.83333333,12,1
PY1,10^5,3,CFS_Cat,20.79166667,12,1
PY1,10^5,3,CFS_Cat,23.875,12,1
PY1,10^5,3,noCFS_Cat,1.875,0,0
PY1,10^5,3,noCFS_Cat,8.875,0,0
PY1,10^5,3,noCFS_Cat,12.625,12,1
PY1,10^5,3,noCFS_Cat,15.95833333,12,1
PY1,10^5,3,noCFS_Cat,25.91666667,12,1
PY1,10^5,3,noCFS_Cat_ctrl,0,0,0
PY1,10^5,3,noCFS_Cat_ctrl,4.6875,0,0
PY1,10^5,3,noCFS_Cat_ctrl,7.833333333,0,0
PY1,10^5,3,noCFS_Cat_ctrl,9.875,0,0
PY1,10^5,3,noCFS_Cat_ctrl,12.64583333,0,0
PY1,10^5,3,noCFS_Cat_ctrl,15.60416667,0,0
PY1,10^5,3,noCFS_Cat_ctrl,18.83333333,0,0
PY1,10^5,3,noCFS_Cat_ctrl,20.79166667,2,0.16666666666666666
PY1,10^5,3,noCFS_Cat_ctrl,23.875,12,1
PY1,10^5,3,noCFS_Cat_ctrl,25.875,12,1
PY1,10^5,3,noCFS_Cat_ctrl,28.75,12,1
PY1,10^5,3,noCFS_Cat_ctrl,33.77083333,12,1
PY1,10^5,3,noCFS_Cat_ctrl,37.64583333,12,1
europaea,10^1,1,normal,0,0,0
europaea,10^1,1,normal,11.25,0,0
europaea,10^1,1,normal,13.16666667,8,0.6666666666666666
europaea,10^1,1,normal,15.83333333,12,1
europaea,10^1,1,normal,19.16666667,12,1
europaea,10^1,2,normal,0,0,0
europaea,10^1,2,normal,11.25,0,0
europaea,10^1,2,normal,13.16666667,8,0.6666666666666666
europaea,10^1,2,normal,15.83333333,12,1
europaea,10^1,2,normal,19.16666667,12,1
europaea,10^1,3,normal,0,0,0
europaea,10^1,3,normal,11.25,1,0.08333333333333333
europaea,10^1,3,normal,13.16666667,8,0.6666666666666666
europaea,10^1,3,normal,15.83333333,12,1
europaea,10^1,3,normal,19.16666667,12,1
europaea,10^3,1,normal,0,0,0
europaea,10^3,1,normal,6.083333333,1,0.08333333333333333
europaea,10^3,1,normal,7.875,12,1
europaea,10^3,1,normal,11.20833333,12,1
europaea,10^3,2,normal,0,0,0
europaea,10^3,2,normal,6.083333333,1,0.08333333333333333
europaea,10^3,2,normal,7.875,12,1
europaea,10^3,2,normal,11.20833333,12,1
europaea,10^3,3,normal,0,0,0
europaea,10^3,3,normal,6.083333333,5,0.4166666666666667
europaea,10^3,3,normal,7.875,12,1
europaea,10^3,3,normal,11.20833333,12,1
europaea,10^5,1,normal,0,0,0
europaea,10^5,1,normal,6.083333333,12,1
europaea,10^5,1,normal,7.875,12,1
europaea,10^5,1,normal,11.20833333,12,1
europaea,10^5,2,normal,0,0,0
europaea,10^5,2,normal,6.083333333,12,1
europaea,10^5,2,normal,7.875,12,1
europaea,10^5,2,normal,11.20833333,12,1
europaea,10^5,3,normal,0,0,0
europaea,10^5,3,normal,6.083333333,12,1
europaea,10^5,3,normal,7.875,12,1
europaea,10^5,3,normal,11.20833333,12,1
