Specie,CellDensity,Day,N,Condition,ID,Nitrite
PY1,10^0,0,1,CFS_Cat,1,0.070957882
PY1,10^0,0,1,CFS_Cat,2,0.070957882
PY1,10^0,0,1,CFS_Cat,3,0.070957882
PY1,10^0,0,1,CFS_Cat,4,0.070957882
PY1,10^0,0,1,CFS_Cat,5,0.070957882
PY1,10^0,0,1,CFS_Cat,6,0.070957882
PY1,10^0,0,1,CFS_Cat,7,0.070957882
PY1,10^0,0,1,CFS_Cat,8,0.070957882
PY1,10^0,0,1,CFS_Cat,9,0.070957882
PY1,10^0,0,1,CFS_Cat,10,0.070957882
PY1,10^0,0,1,CFS_Cat,11,0.070957882
PY1,10^0,0,1,CFS_Cat,12,0.070957882
PY1,10^1,0,1,CFS_Cat,1,0.070957882
PY1,10^1,0,1,CFS_Cat,2,0.070957882
PY1,10^1,0,1,CFS_Cat,3,0.070957882
PY1,10^1,0,1,CFS_Cat,4,0.070957882
PY1,10^1,0,1,CFS_Cat,5,0.070957882
PY1,10^1,0,1,CFS_Cat,6,0.070957882
PY1,10^1,0,1,CFS_Cat,7,0.070957882
PY1,10^1,0,1,CFS_Cat,8,0.070957882
PY1,10^1,0,1,CFS_Cat,9,0.070957882
PY1,10^1,0,1,CFS_Cat,10,0.070957882
PY1,10^1,0,1,CFS_Cat,11,0.070957882
PY1,10^1,0,1,CFS_Cat,12,0.070957882
PY1,10^1,0,1,noCFS_Cat_ctrl,1,0
PY1,10^1,0,1,noCFS_Cat_ctrl,2,0
PY1,10^1,0,1,noCFS_Cat_ctrl,3,0
PY1,10^1,0,1,noCFS_Cat_ctrl,4,0
PY1,10^1,0,1,noCFS_Cat_ctrl,5,0
PY1,10^1,0,1,noCFS_Cat_ctrl,6,0
PY1,10^1,0,1,noCFS_Cat_ctrl,7,0
PY1,10^1,0,1,noCFS_Cat_ctrl,8,0
PY1,10^1,0,1,noCFS_Cat_ctrl,9,0
PY1,10^1,0,1,noCFS_Cat_ctrl,10,0
PY1,10^1,0,1,noCFS_Cat_ctrl,11,0
PY1,10^1,0,1,noCFS_Cat_ctrl,12,0
PY1,10^3,0,1,CFS_Cat,1,0.070957882
PY1,10^3,0,1,CFS_Cat,2,0.070957882
PY1,10^3,0,1,CFS_Cat,3,0.070957882
PY1,10^3,0,1,CFS_Cat,4,0.070957882
PY1,10^3,0,1,CFS_Cat,5,0.070957882
PY1,10^3,0,1,CFS_Cat,6,0.070957882
PY1,10^3,0,1,CFS_Cat,7,0.070957882
PY1,10^3,0,1,CFS_Cat,8,0.070957882
PY1,10^3,0,1,CFS_Cat,9,0.070957882
PY1,10^3,0,1,CFS_Cat,10,0.070957882
PY1,10^3,0,1,CFS_Cat,11,0.070957882
PY1,10^3,0,1,CFS_Cat,12,0.070957882
PY1,10^3,0,1,noCFS_Cat_ctrl,1,0
PY1,10^3,0,1,noCFS_Cat_ctrl,2,0
PY1,10^3,0,1,noCFS_Cat_ctrl,3,0
PY1,10^3,0,1,noCFS_Cat_ctrl,4,0
PY1,10^3,0,1,noCFS_Cat_ctrl,5,0
PY1,10^3,0,1,noCFS_Cat_ctrl,6,0
PY1,10^3,0,1,noCFS_Cat_ctrl,7,0
PY1,10^3,0,1,noCFS_Cat_ctrl,8,0
PY1,10^3,0,1,noCFS_Cat_ctrl,9,0
PY1,10^3,0,1,noCFS_Cat_ctrl,10,0
PY1,10^3,0,1,noCFS_Cat_ctrl,11,0
PY1,10^3,0,1,noCFS_Cat_ctrl,12,0
PY1,10^5,0,1,CFS_Cat,1,0.070957882
PY1,10^5,0,1,CFS_Cat,2,0.070957882
PY1,10^5,0,1,CFS_Cat,3,0.070957882
PY1,10^5,0,1,CFS_Cat,4,0.070957882
PY1,10^5,0,1,CFS_Cat,5,0.070957882
PY1,10^5,0,1,CFS_Cat,6,0.070957882
PY1,10^5,0,1,CFS_Cat,7,0.070957882
PY1,10^5,0,1,CFS_Cat,8,0.070957882
PY1,10^5,0,1,CFS_Cat,9,0.070957882
PY1,10^5,0,1,CFS_Cat,10,0.070957882
PY1,10^5,0,1,CFS_Cat,11,0.070957882
PY1,10^5,0,1,CFS_Cat,12,0.070957882
PY1,10^5,0,1,noCFS_Cat_ctrl,1,0
PY1,10^5,0,1,noCFS_Cat_ctrl,2,0
PY1,10^5,0,1,noCFS_Cat_ctrl,3,0
PY1,10^5,0,1,noCFS_Cat_ctrl,4,0
PY1,10^5,0,1,noCFS_Cat_ctrl,5,0
PY1,10^5,0,1,noCFS_Cat_ctrl,6,0
PY1,10^5,0,1,noCFS_Cat_ctrl,7,0
PY1,10^5,0,1,noCFS_Cat_ctrl,8,0
PY1,10^5,0,1,noCFS_Cat_ctrl,9,0
PY1,10^5,0,1,noCFS_Cat_ctrl,10,0
PY1,10^5,0,1,noCFS_Cat_ctrl,11,0
PY1,10^5,0,1,noCFS_Cat_ctrl,12,0
PY1,10^0,0,2,CFS_Cat,1,0.063950232
PY1,10^0,0,2,CFS_Cat,2,0.063950232
PY1,10^0,0,2,CFS_Cat,3,0.063950232
PY1,10^0,0,2,CFS_Cat,4,0.063950232
PY1,10^0,0,2,CFS_Cat,5,0.063950232
PY1,10^0,0,2,CFS_Cat,6,0.063950232
PY1,10^0,0,2,CFS_Cat,7,0.063950232
PY1,10^0,0,2,CFS_Cat,8,0.063950232
PY1,10^0,0,2,CFS_Cat,9,0.063950232
PY1,10^0,0,2,CFS_Cat,10,0.063950232
PY1,10^0,0,2,CFS_Cat,11,0.063950232
PY1,10^0,0,2,CFS_Cat,12,0.063950232
PY1,10^1,0,2,CFS_Cat,1,0.063950232
PY1,10^1,0,2,CFS_Cat,2,0.063950232
PY1,10^1,0,2,CFS_Cat,3,0.063950232
PY1,10^1,0,2,CFS_Cat,4,0.063950232
PY1,10^1,0,2,CFS_Cat,5,0.063950232
PY1,10^1,0,2,CFS_Cat,6,0.063950232
PY1,10^1,0,2,CFS_Cat,7,0.063950232
PY1,10^1,0,2,CFS_Cat,8,0.063950232
PY1,10^1,0,2,CFS_Cat,9,0.063950232
PY1,10^1,0,2,CFS_Cat,10,0.063950232
PY1,10^1,0,2,CFS_Cat,11,0.063950232
PY1,10^1,0,2,CFS_Cat,12,0.063950232
PY1,10^1,0,2,noCFS_Cat_ctrl,1,0
PY1,10^1,0,2,noCFS_Cat_ctrl,2,0
PY1,10^1,0,2,noCFS_Cat_ctrl,3,0
PY1,10^1,0,2,noCFS_Cat_ctrl,4,0
PY1,10^1,0,2,noCFS_Cat_ctrl,5,0
PY1,10^1,0,2,noCFS_Cat_ctrl,6,0
PY1,10^1,0,2,noCFS_Cat_ctrl,7,0
PY1,10^1,0,2,noCFS_Cat_ctrl,8,0
PY1,10^1,0,2,noCFS_Cat_ctrl,9,0
PY1,10^1,0,2,noCFS_Cat_ctrl,10,0
PY1,10^1,0,2,noCFS_Cat_ctrl,11,0
PY1,10^1,0,2,noCFS_Cat_ctrl,12,0
PY1,10^3,0,2,CFS_Cat,1,0.063950232
PY1,10^3,0,2,CFS_Cat,2,0.063950232
PY1,10^3,0,2,CFS_Cat,3,0.063950232
PY1,10^3,0,2,CFS_Cat,4,0.063950232
PY1,10^3,0,2,CFS_Cat,5,0.063950232
PY1,10^3,0,2,CFS_Cat,6,0.063950232
PY1,10^3,0,2,CFS_Cat,7,0.063950232
PY1,10^3,0,2,CFS_Cat,8,0.063950232
PY1,10^3,0,2,CFS_Cat,9,0.063950232
PY1,10^3,0,2,CFS_Cat,10,0.063950232
PY1,10^3,0,2,CFS_Cat,11,0.063950232
PY1,10^3,0,2,CFS_Cat,12,0.063950232
PY1,10^3,0,2,noCFS_Cat_ctrl,1,0
PY1,10^3,0,2,noCFS_Cat_ctrl,2,0
PY1,10^3,0,2,noCFS_Cat_ctrl,3,0
PY1,10^3,0,2,noCFS_Cat_ctrl,4,0
PY1,10^3,0,2,noCFS_Cat_ctrl,5,0
PY1,10^3,0,2,noCFS_Cat_ctrl,6,0
PY1,10^3,0,2,noCFS_Cat_ctrl,7,0
PY1,10^3,0,2,noCFS_Cat_ctrl,8,0
PY1,10^3,0,2,noCFS_Cat_ctrl,9,0
PY1,10^3,0,2,noCFS_Cat_ctrl,10,0
PY1,10^3,0,2,noCFS_Cat_ctrl,11,0
PY1,10^3,0,2,noCFS_Cat_ctrl,12,0
PY1,10^5,0,2,CFS_Cat,1,0.063950232
PY1,10^5,0,2,CFS_Cat,2,0.063950232
PY1,10^5,0,2,CFS_Cat,3,0.063950232
PY1,10^5,0,2,CFS_Cat,4,0.063950232
PY1,10^5,0,2,CFS_Cat,5,0.063950232
PY1,10^5,0,2,CFS_Cat,6,0.063950232
PY1,10^5,0,2,CFS_Cat,7,0.063950232
PY1,10^5,0,2,CFS_Cat,8,0.063950232
PY1,10^5,0,2,CFS_Cat,9,0.063950232
PY1,10^5,0,2,CFS_Cat,10,0.063950232
PY1,10^5,0,2,CFS_Cat,11,0.063950232
PY1,10^5,0,2,CFS_Cat,12,0.063950232
PY1,10^5,0,2,noCFS_Cat_ctrl,1,0
PY1,10^5,0,2,noCFS_Cat_ctrl,2,0
PY1,10^5,0,2,noCFS_Cat_ctrl,3,0
PY1,10^5,0,2,noCFS_Cat_ctrl,4,0
PY1,10^5,0,2,noCFS_Cat_ctrl,5,0
PY1,10^5,0,2,noCFS_Cat_ctrl,6,0
PY1,10^5,0,2,noCFS_Cat_ctrl,7,0
PY1,10^5,0,2,noCFS_Cat_ctrl,8,0
PY1,10^5,0,2,noCFS_Cat_ctrl,9,0
PY1,10^5,0,2,noCFS_Cat_ctrl,10,0
PY1,10^5,0,2,noCFS_Cat_ctrl,11,0
PY1,10^5,0,2,noCFS_Cat_ctrl,12,0
PY1,10^0,0,3,CFS_Cat,1,0.063268077
PY1,10^0,0,3,CFS_Cat,2,0.063268077
PY1,10^0,0,3,CFS_Cat,3,0.063268077
PY1,10^0,0,3,CFS_Cat,4,0.063268077
PY1,10^0,0,3,CFS_Cat,5,0.063268077
PY1,10^0,0,3,CFS_Cat,6,0.063268077
PY1,10^0,0,3,CFS_Cat,7,0.063268077
PY1,10^0,0,3,CFS_Cat,8,0.063268077
PY1,10^0,0,3,CFS_Cat,9,0.063268077
PY1,10^0,0,3,CFS_Cat,10,0.063268077
PY1,10^0,0,3,CFS_Cat,11,0.063268077
PY1,10^0,0,3,CFS_Cat,12,0.063268077
PY1,10^1,0,3,CFS_Cat,1,0.063268077
PY1,10^1,0,3,CFS_Cat,2,0.063268077
PY1,10^1,0,3,CFS_Cat,3,0.063268077
PY1,10^1,0,3,CFS_Cat,4,0.063268077
PY1,10^1,0,3,CFS_Cat,5,0.063268077
PY1,10^1,0,3,CFS_Cat,6,0.063268077
PY1,10^1,0,3,CFS_Cat,7,0.063268077
PY1,10^1,0,3,CFS_Cat,8,0.063268077
PY1,10^1,0,3,CFS_Cat,9,0.063268077
PY1,10^1,0,3,CFS_Cat,10,0.063268077
PY1,10^1,0,3,CFS_Cat,11,0.063268077
PY1,10^1,0,3,CFS_Cat,12,0.063268077
PY1,10^1,0,3,noCFS_Cat_ctrl,1,0
PY1,10^1,0,3,noCFS_Cat_ctrl,2,0
PY1,10^1,0,3,noCFS_Cat_ctrl,3,0
PY1,10^1,0,3,noCFS_Cat_ctrl,4,0
PY1,10^1,0,3,noCFS_Cat_ctrl,5,0
PY1,10^1,0,3,noCFS_Cat_ctrl,6,0
PY1,10^1,0,3,noCFS_Cat_ctrl,7,0
PY1,10^1,0,3,noCFS_Cat_ctrl,8,0
PY1,10^1,0,3,noCFS_Cat_ctrl,9,0
PY1,10^1,0,3,noCFS_Cat_ctrl,10,0
PY1,10^1,0,3,noCFS_Cat_ctrl,11,0
PY1,10^1,0,3,noCFS_Cat_ctrl,12,0
PY1,10^3,0,3,CFS_Cat,1,0.063268077
PY1,10^3,0,3,CFS_Cat,2,0.063268077
PY1,10^3,0,3,CFS_Cat,3,0.063268077
PY1,10^3,0,3,CFS_Cat,4,0.063268077
PY1,10^3,0,3,CFS_Cat,5,0.063268077
PY1,10^3,0,3,CFS_Cat,6,0.063268077
PY1,10^3,0,3,CFS_Cat,7,0.063268077
PY1,10^3,0,3,CFS_Cat,8,0.063268077
PY1,10^3,0,3,CFS_Cat,9,0.063268077
PY1,10^3,0,3,CFS_Cat,10,0.063268077
PY1,10^3,0,3,CFS_Cat,11,0.063268077
PY1,10^3,0,3,CFS_Cat,12,0.063268077
PY1,10^3,0,3,noCFS_Cat_ctrl,1,0
PY1,10^3,0,3,noCFS_Cat_ctrl,2,0
PY1,10^3,0,3,noCFS_Cat_ctrl,3,0
PY1,10^3,0,3,noCFS_Cat_ctrl,4,0
PY1,10^3,0,3,noCFS_Cat_ctrl,5,0
PY1,10^3,0,3,noCFS_Cat_ctrl,6,0
PY1,10^3,0,3,noCFS_Cat_ctrl,7,0
PY1,10^3,0,3,noCFS_Cat_ctrl,8,0
PY1,10^3,0,3,noCFS_Cat_ctrl,9,0
PY1,10^3,0,3,noCFS_Cat_ctrl,10,0
PY1,10^3,0,3,noCFS_Cat_ctrl,11,0
PY1,10^3,0,3,noCFS_Cat_ctrl,12,0
PY1,10^5,0,3,CFS_Cat,1,0.063268077
PY1,10^5,0,3,CFS_Cat,2,0.063268077
PY1,10^5,0,3,CFS_Cat,3,0.063268077
PY1,10^5,0,3,CFS_Cat,4,0.063268077
PY1,10^5,0,3,CFS_Cat,5,0.063268077
PY1,10^5,0,3,CFS_Cat,6,0.063268077
PY1,10^5,0,3,CFS_Cat,7,0.063268077
PY1,10^5,0,3,CFS_Cat,8,0.063268077
PY1,10^5,0,3,CFS_Cat,9,0.063268077
PY1,10^5,0,3,CFS_Cat,10,0.063268077
PY1,10^5,0,3,CFS_Cat,11,0.063268077
PY1,10^5,0,3,CFS_Cat,12,0.063268077
PY1,10^5,0,3,noCFS_Cat_ctrl,1,0
PY1,10^5,0,3,noCFS_Cat_ctrl,2,0
PY1,10^5,0,3,noCFS_Cat_ctrl,3,0
PY1,10^5,0,3,noCFS_Cat_ctrl,4,0
PY1,10^5,0,3,noCFS_Cat_ctrl,5,0
PY1,10^5,0,3,noCFS_Cat_ctrl,6,0
PY1,10^5,0,3,noCFS_Cat_ctrl,7,0
PY1,10^5,0,3,noCFS_Cat_ctrl,8,0
PY1,10^5,0,3,noCFS_Cat_ctrl,9,0
PY1,10^5,0,3,noCFS_Cat_ctrl,10,0
PY1,10^5,0,3,noCFS_Cat_ctrl,11,0
PY1,10^5,0,3,noCFS_Cat_ctrl,12,0
PY1,10^5,4.6875,1,CFS_Cat,1,0.123607769
PY1,10^5,4.6875,1,CFS_Cat,2,0.11921558
PY1,10^5,4.6875,1,CFS_Cat,3,0.121411674
PY1,10^5,4.6875,1,CFS_Cat,4,0.118776361
PY1,10^5,4.6875,1,CFS_Cat,5,0.116580267
PY1,10^5,4.6875,1,CFS_Cat,6,0.121411674
PY1,10^5,4.6875,1,CFS_Cat,7,0.118337142
PY1,10^5,4.6875,1,CFS_Cat,8,0.124486206
PY1,10^5,4.6875,1,CFS_Cat,9,0.120533236
PY1,10^5,4.6875,1,CFS_Cat,10,0.121850893
PY1,10^5,4.6875,1,CFS_Cat,11,0.12316855
PY1,10^5,4.6875,1,CFS_Cat,12,0.128878395
PY1,10^5,4.6875,1,noCFS_Cat_ctrl,1,0
PY1,10^5,4.6875,1,noCFS_Cat_ctrl,2,0
PY1,10^5,4.6875,1,noCFS_Cat_ctrl,3,0
PY1,10^5,4.6875,1,noCFS_Cat_ctrl,4,0
PY1,10^5,4.6875,1,noCFS_Cat_ctrl,5,0
PY1,10^5,4.6875,1,noCFS_Cat_ctrl,6,0
PY1,10^5,4.6875,1,noCFS_Cat_ctrl,7,0
PY1,10^5,4.6875,1,noCFS_Cat_ctrl,8,0
PY1,10^5,4.6875,1,noCFS_Cat_ctrl,9,0.000626484
PY1,10^5,4.6875,1,noCFS_Cat_ctrl,10,0
PY1,10^5,4.6875,1,noCFS_Cat_ctrl,11,0
PY1,10^5,4.6875,1,noCFS_Cat_ctrl,12,0
PY1,10^5,4.6875,2,CFS_Cat,1,0.114384172
PY1,10^5,4.6875,2,CFS_Cat,2,0.117458704
PY1,10^5,4.6875,2,CFS_Cat,3,0.118776361
PY1,10^5,4.6875,2,CFS_Cat,4,0.104282138
PY1,10^5,4.6875,2,CFS_Cat,5,0.110431202
PY1,10^5,4.6875,2,CFS_Cat,6,0.121411674
PY1,10^5,4.6875,2,CFS_Cat,7,0.114384172
PY1,10^5,4.6875,2,CFS_Cat,8,0.113944953
PY1,10^5,4.6875,2,CFS_Cat,9,0.121411674
PY1,10^5,4.6875,2,CFS_Cat,10,0.112188078
PY1,10^5,4.6875,2,CFS_Cat,11,0.114823391
PY1,10^5,4.6875,2,CFS_Cat,12,0.113944953
PY1,10^5,4.6875,2,noCFS_Cat_ctrl,1,0
PY1,10^5,4.6875,2,noCFS_Cat_ctrl,2,0
PY1,10^5,4.6875,2,noCFS_Cat_ctrl,3,0
PY1,10^5,4.6875,2,noCFS_Cat_ctrl,4,0
PY1,10^5,4.6875,2,noCFS_Cat_ctrl,5,0
PY1,10^5,4.6875,2,noCFS_Cat_ctrl,6,0
PY1,10^5,4.6875,2,noCFS_Cat_ctrl,7,0
PY1,10^5,4.6875,2,noCFS_Cat_ctrl,8,0
PY1,10^5,4.6875,2,noCFS_Cat_ctrl,9,0
PY1,10^5,4.6875,2,noCFS_Cat_ctrl,10,0
PY1,10^5,4.6875,2,noCFS_Cat_ctrl,11,0
PY1,10^5,4.6875,2,noCFS_Cat_ctrl,12,0
PY1,10^5,4.6875,3,CFS_Cat,1,0.090299079
PY1,10^5,4.6875,3,CFS_Cat,2,0.09218658
PY1,10^5,4.6875,3,CFS_Cat,3,0.105870956
PY1,10^5,4.6875,3,CFS_Cat,4,0.103039705
PY1,10^5,4.6875,3,CFS_Cat,5,0.09596158
PY1,10^5,4.6875,3,CFS_Cat,6,0.114836581
PY1,10^5,4.6875,3,CFS_Cat,7,0.104927206
PY1,10^5,4.6875,3,CFS_Cat,8,0.10068033
PY1,10^5,4.6875,3,CFS_Cat,9,0.111061581
PY1,10^5,4.6875,3,CFS_Cat,10,0.101152205
PY1,10^5,4.6875,3,CFS_Cat,11,0.100208455
PY1,10^5,4.6875,3,CFS_Cat,12,0.110589706
PY1,10^5,4.6875,3,noCFS_Cat_ctrl,1,0
PY1,10^5,4.6875,3,noCFS_Cat_ctrl,2,0
PY1,10^5,4.6875,3,noCFS_Cat_ctrl,3,0
PY1,10^5,4.6875,3,noCFS_Cat_ctrl,4,0
PY1,10^5,4.6875,3,noCFS_Cat_ctrl,5,0
PY1,10^5,4.6875,3,noCFS_Cat_ctrl,6,0
PY1,10^5,4.6875,3,noCFS_Cat_ctrl,7,0
PY1,10^5,4.6875,3,noCFS_Cat_ctrl,8,0
PY1,10^5,4.6875,3,noCFS_Cat_ctrl,9,0
PY1,10^5,4.6875,3,noCFS_Cat_ctrl,10,0
PY1,10^5,4.6875,3,noCFS_Cat_ctrl,11,0
PY1,10^5,4.6875,3,noCFS_Cat_ctrl,12,0
PY1,10^3,5.8125,1,CFS_Cat,1,0.101557188
PY1,10^3,5.8125,1,CFS_Cat,2,0.101150048
PY1,10^3,5.8125,1,CFS_Cat,3,0.098707205
PY1,10^3,5.8125,1,CFS_Cat,4,0.095857223
PY1,10^3,5.8125,1,CFS_Cat,5,0.091378679
PY1,10^3,5.8125,1,CFS_Cat,6,0.090157258
PY1,10^3,5.8125,1,CFS_Cat,7,0.094635802
PY1,10^3,5.8125,1,CFS_Cat,8,0.101964328
PY1,10^3,5.8125,1,CFS_Cat,9,0.099928626
PY1,10^3,5.8125,1,CFS_Cat,10,0.099928626
PY1,10^3,5.8125,1,CFS_Cat,11,0.096264363
PY1,10^3,5.8125,1,CFS_Cat,12,0.096671504
PY1,10^3,5.8125,1,noCFS_Cat_ctrl,1,0
PY1,10^3,5.8125,1,noCFS_Cat_ctrl,2,0
PY1,10^3,5.8125,1,noCFS_Cat_ctrl,3,0
PY1,10^3,5.8125,1,noCFS_Cat_ctrl,4,0
PY1,10^3,5.8125,1,noCFS_Cat_ctrl,5,0
PY1,10^3,5.8125,1,noCFS_Cat_ctrl,6,0
PY1,10^3,5.8125,1,noCFS_Cat_ctrl,7,0
PY1,10^3,5.8125,1,noCFS_Cat_ctrl,8,0
PY1,10^3,5.8125,1,noCFS_Cat_ctrl,9,0
PY1,10^3,5.8125,1,noCFS_Cat_ctrl,10,0
PY1,10^3,5.8125,1,noCFS_Cat_ctrl,11,0
PY1,10^3,5.8125,1,noCFS_Cat_ctrl,12,0
PY1,10^3,5.8125,2,CFS_Cat,1,0.096671504
PY1,10^3,5.8125,2,CFS_Cat,2,0.097485784
PY1,10^3,5.8125,2,CFS_Cat,3,0.099114346
PY1,10^3,5.8125,2,CFS_Cat,4,0.096671504
PY1,10^3,5.8125,2,CFS_Cat,5,0.10359289
PY1,10^3,5.8125,2,CFS_Cat,6,0.101557188
PY1,10^3,5.8125,2,CFS_Cat,7,0.096671504
PY1,10^3,5.8125,2,CFS_Cat,8,0.096264363
PY1,10^3,5.8125,2,CFS_Cat,9,0.09300724
PY1,10^3,5.8125,2,CFS_Cat,10,0.095857223
PY1,10^3,5.8125,2,CFS_Cat,11,0.096671504
PY1,10^3,5.8125,2,CFS_Cat,12,0.093821521
PY1,10^3,5.8125,2,noCFS_Cat_ctrl,1,0
PY1,10^3,5.8125,2,noCFS_Cat_ctrl,2,0
PY1,10^3,5.8125,2,noCFS_Cat_ctrl,3,0
PY1,10^3,5.8125,2,noCFS_Cat_ctrl,4,0
PY1,10^3,5.8125,2,noCFS_Cat_ctrl,5,0
PY1,10^3,5.8125,2,noCFS_Cat_ctrl,6,0
PY1,10^3,5.8125,2,noCFS_Cat_ctrl,7,0
PY1,10^3,5.8125,2,noCFS_Cat_ctrl,8,0
PY1,10^3,5.8125,2,noCFS_Cat_ctrl,9,0
PY1,10^3,5.8125,2,noCFS_Cat_ctrl,10,0
PY1,10^3,5.8125,2,noCFS_Cat_ctrl,11,0
PY1,10^3,5.8125,2,noCFS_Cat_ctrl,12,0
PY1,10^3,5.8125,3,CFS_Cat,1,0.097998983
PY1,10^3,5.8125,3,CFS_Cat,2,0.092024774
PY1,10^3,5.8125,3,CFS_Cat,3,0.099279171
PY1,10^3,5.8125,3,CFS_Cat,4,0.084770378
PY1,10^3,5.8125,3,CFS_Cat,5,0.08903767
PY1,10^3,5.8125,3,CFS_Cat,6,0.086050565
PY1,10^3,5.8125,3,CFS_Cat,7,0.092878232
PY1,10^3,5.8125,3,CFS_Cat,8,0.090317857
PY1,10^3,5.8125,3,CFS_Cat,9,0.090317857
PY1,10^3,5.8125,3,CFS_Cat,10,0.090317857
PY1,10^3,5.8125,3,CFS_Cat,11,0.085197107
PY1,10^3,5.8125,3,CFS_Cat,12,0.085623836
PY1,10^3,5.8125,3,noCFS_Cat_ctrl,1,0
PY1,10^3,5.8125,3,noCFS_Cat_ctrl,2,0
PY1,10^3,5.8125,3,noCFS_Cat_ctrl,3,0
PY1,10^3,5.8125,3,noCFS_Cat_ctrl,4,0
PY1,10^3,5.8125,3,noCFS_Cat_ctrl,5,0
PY1,10^3,5.8125,3,noCFS_Cat_ctrl,6,0
PY1,10^3,5.8125,3,noCFS_Cat_ctrl,7,0
PY1,10^3,5.8125,3,noCFS_Cat_ctrl,8,0
PY1,10^3,5.8125,3,noCFS_Cat_ctrl,9,0
PY1,10^3,5.8125,3,noCFS_Cat_ctrl,10,0
PY1,10^3,5.8125,3,noCFS_Cat_ctrl,11,0
PY1,10^3,5.8125,3,noCFS_Cat_ctrl,12,0
PY1,10^1,6.875,1,CFS_Cat,1,0.106127874
PY1,10^1,6.875,1,CFS_Cat,2,0.102295183
PY1,10^1,6.875,1,CFS_Cat,3,0.106553728
PY1,10^1,6.875,1,CFS_Cat,4,0.109960565
PY1,10^1,6.875,1,CFS_Cat,5,0.109960565
PY1,10^1,6.875,1,CFS_Cat,6,0.096759074
PY1,10^1,6.875,1,CFS_Cat,7,0.106553728
PY1,10^1,6.875,1,CFS_Cat,8,0.098888346
PY1,10^1,6.875,1,CFS_Cat,9,0.10016591
PY1,10^1,6.875,1,CFS_Cat,10,0.113367401
PY1,10^1,6.875,1,CFS_Cat,11,0.103998601
PY1,10^1,6.875,1,CFS_Cat,12,0.106979583
PY1,10^1,6.875,1,noCFS_Cat_ctrl,1,0
PY1,10^1,6.875,1,noCFS_Cat_ctrl,2,0
PY1,10^1,6.875,1,noCFS_Cat_ctrl,3,0
PY1,10^1,6.875,1,noCFS_Cat_ctrl,4,0
PY1,10^1,6.875,1,noCFS_Cat_ctrl,5,0
PY1,10^1,6.875,1,noCFS_Cat_ctrl,6,0
PY1,10^1,6.875,1,noCFS_Cat_ctrl,7,0
PY1,10^1,6.875,1,noCFS_Cat_ctrl,8,0
PY1,10^1,6.875,1,noCFS_Cat_ctrl,9,0
PY1,10^1,6.875,1,noCFS_Cat_ctrl,10,0
PY1,10^1,6.875,1,noCFS_Cat_ctrl,11,0
PY1,10^1,6.875,1,noCFS_Cat_ctrl,12,0
PY1,10^1,6.875,2,CFS_Cat,1,0.101869328
PY1,10^1,6.875,2,CFS_Cat,2,0.101443474
PY1,10^1,6.875,2,CFS_Cat,3,0.103572746
PY1,10^1,6.875,2,CFS_Cat,4,0.09548151
PY1,10^1,6.875,2,CFS_Cat,5,0.101869328
PY1,10^1,6.875,2,CFS_Cat,6,0.104424456
PY1,10^1,6.875,2,CFS_Cat,7,0.105702019
PY1,10^1,6.875,2,CFS_Cat,8,0.105702019
PY1,10^1,6.875,2,CFS_Cat,9,0.107405437
PY1,10^1,6.875,2,CFS_Cat,10,0.095055656
PY1,10^1,6.875,2,CFS_Cat,11,0.097184928
PY1,10^1,6.875,2,CFS_Cat,12,0.100591765
PY1,10^1,6.875,2,noCFS_Cat_ctrl,1,0
PY1,10^1,6.875,2,noCFS_Cat_ctrl,2,0
PY1,10^1,6.875,2,noCFS_Cat_ctrl,3,0
PY1,10^1,6.875,2,noCFS_Cat_ctrl,4,0
PY1,10^1,6.875,2,noCFS_Cat_ctrl,5,0
PY1,10^1,6.875,2,noCFS_Cat_ctrl,6,0
PY1,10^1,6.875,2,noCFS_Cat_ctrl,7,0
PY1,10^1,6.875,2,noCFS_Cat_ctrl,8,0
PY1,10^1,6.875,2,noCFS_Cat_ctrl,9,0
PY1,10^1,6.875,2,noCFS_Cat_ctrl,10,0
PY1,10^1,6.875,2,noCFS_Cat_ctrl,11,0
PY1,10^1,6.875,2,noCFS_Cat_ctrl,12,0
PY1,10^1,6.875,3,CFS_Cat,1,0.103989662
PY1,10^1,6.875,3,CFS_Cat,2,0.092757849
PY1,10^1,6.875,3,CFS_Cat,3,0.097077777
PY1,10^1,6.875,3,CFS_Cat,4,0.091461871
PY1,10^1,6.875,3,CFS_Cat,5,0.090165893
PY1,10^1,6.875,3,CFS_Cat,6,0.092757849
PY1,10^1,6.875,3,CFS_Cat,7,0.091029878
PY1,10^1,6.875,3,CFS_Cat,8,0.089301907
PY1,10^1,6.875,3,CFS_Cat,9,0.087573936
PY1,10^1,6.875,3,CFS_Cat,10,0.087573936
PY1,10^1,6.875,3,CFS_Cat,11,0.092757849
PY1,10^1,6.875,3,CFS_Cat,12,0.095349806
PY1,10^1,6.875,3,noCFS_Cat_ctrl,1,0
PY1,10^1,6.875,3,noCFS_Cat_ctrl,2,0
PY1,10^1,6.875,3,noCFS_Cat_ctrl,3,0
PY1,10^1,6.875,3,noCFS_Cat_ctrl,4,0
PY1,10^1,6.875,3,noCFS_Cat_ctrl,5,0
PY1,10^1,6.875,3,noCFS_Cat_ctrl,6,0
PY1,10^1,6.875,3,noCFS_Cat_ctrl,7,0
PY1,10^1,6.875,3,noCFS_Cat_ctrl,8,0
PY1,10^1,6.875,3,noCFS_Cat_ctrl,9,0
PY1,10^1,6.875,3,noCFS_Cat_ctrl,10,0
PY1,10^1,6.875,3,noCFS_Cat_ctrl,11,0
PY1,10^1,6.875,3,noCFS_Cat_ctrl,12,0
PY1,10^0,6.875,1,CFS_Cat,1,0.105877935
PY1,10^0,6.875,1,CFS_Cat,2,0.100849288
PY1,10^0,6.875,1,CFS_Cat,3,0.102525503
PY1,10^0,6.875,1,CFS_Cat,4,0.105458881
PY1,10^0,6.875,1,CFS_Cat,5,0.104201719
PY1,10^0,6.875,1,CFS_Cat,6,0.098334964
PY1,10^0,6.875,1,CFS_Cat,7,0.099592126
PY1,10^0,6.875,1,CFS_Cat,8,0.093306317
PY1,10^0,6.875,1,CFS_Cat,9,0.101268342
PY1,10^0,6.875,1,CFS_Cat,10,0.10964942
PY1,10^0,6.875,1,CFS_Cat,11,0.10001118
PY1,10^0,6.875,1,CFS_Cat,12,0.100430234
PY1,10^0,6.875,2,CFS_Cat,1,0.094982533
PY1,10^0,6.875,2,CFS_Cat,2,0.096658749
PY1,10^0,6.875,2,CFS_Cat,3,0.09791591
PY1,10^0,6.875,2,CFS_Cat,4,0.09791591
PY1,10^0,6.875,2,CFS_Cat,5,0.097496856
PY1,10^0,6.875,2,CFS_Cat,6,0.100430234
PY1,10^0,6.875,2,CFS_Cat,7,0.094563479
PY1,10^0,6.875,2,CFS_Cat,8,0.092887263
PY1,10^0,6.875,2,CFS_Cat,9,0.09037294
PY1,10^0,6.875,2,CFS_Cat,10,0.095401587
PY1,10^0,6.875,2,CFS_Cat,11,0.093725371
PY1,10^0,6.875,2,CFS_Cat,12,0.100430234
PY1,10^0,6.875,3,CFS_Cat,1,0.097496856
PY1,10^0,6.875,3,CFS_Cat,2,0.093725371
PY1,10^0,6.875,3,CFS_Cat,3,0.091630102
PY1,10^0,6.875,3,CFS_Cat,4,0.099173072
PY1,10^0,6.875,3,CFS_Cat,5,0.100849288
PY1,10^0,6.875,3,CFS_Cat,6,0.101268342
PY1,10^0,6.875,3,CFS_Cat,7,0.101268342
PY1,10^0,6.875,3,CFS_Cat,8,0.102106449
PY1,10^0,6.875,3,CFS_Cat,9,0.092468209
PY1,10^0,6.875,3,CFS_Cat,10,0.089534832
PY1,10^0,6.875,3,CFS_Cat,11,0.097077802
PY1,10^0,6.875,3,CFS_Cat,12,0.085763347
PY1,10^5,7.833333333,1,CFS_Cat,1,0.224878167
PY1,10^5,7.833333333,1,CFS_Cat,2,0.22965392
PY1,10^5,7.833333333,1,CFS_Cat,3,0.237295123
PY1,10^5,7.833333333,1,CFS_Cat,4,0.237295123
PY1,10^5,7.833333333,1,CFS_Cat,5,0.223445442
PY1,10^5,7.833333333,1,CFS_Cat,6,0.233474521
PY1,10^5,7.833333333,1,CFS_Cat,7,0.226310893
PY1,10^5,7.833333333,1,CFS_Cat,8,0.223923017
PY1,10^5,7.833333333,1,CFS_Cat,9,0.225355743
PY1,10^5,7.833333333,1,CFS_Cat,10,0.228698769
PY1,10^5,7.833333333,1,CFS_Cat,11,0.220102415
PY1,10^5,7.833333333,1,CFS_Cat,12,0.227266043
PY1,10^5,7.833333333,1,noCFS_Cat_ctrl,1,0.042922008
PY1,10^5,7.833333333,1,noCFS_Cat_ctrl,2,0.04674261
PY1,10^5,7.833333333,1,noCFS_Cat_ctrl,3,0.036235955
PY1,10^5,7.833333333,1,noCFS_Cat_ctrl,4,0.04674261
PY1,10^5,7.833333333,1,noCFS_Cat_ctrl,5,0.044832309
PY1,10^5,7.833333333,1,noCFS_Cat_ctrl,6,0.047220185
PY1,10^5,7.833333333,1,noCFS_Cat_ctrl,7,0.047697761
PY1,10^5,7.833333333,1,noCFS_Cat_ctrl,8,0.043877159
PY1,10^5,7.833333333,1,noCFS_Cat_ctrl,9,0.042922008
PY1,10^5,7.833333333,1,noCFS_Cat_ctrl,10,0.043399584
PY1,10^5,7.833333333,1,noCFS_Cat_ctrl,11,0.040534132
PY1,10^5,7.833333333,1,noCFS_Cat_ctrl,12,0.041011708
PY1,10^5,7.833333333,2,CFS_Cat,1,0.17568792
PY1,10^5,7.833333333,2,CFS_Cat,2,0.189060026
PY1,10^5,7.833333333,2,CFS_Cat,3,0.170912167
PY1,10^5,7.833333333,2,CFS_Cat,4,0.185716999
PY1,10^5,7.833333333,2,CFS_Cat,5,0.184761849
PY1,10^5,7.833333333,2,CFS_Cat,6,0.178075796
PY1,10^5,7.833333333,2,CFS_Cat,7,0.176165495
PY1,10^5,7.833333333,2,CFS_Cat,8,0.182851548
PY1,10^5,7.833333333,2,CFS_Cat,9,0.183806698
PY1,10^5,7.833333333,2,CFS_Cat,10,0.193835778
PY1,10^5,7.833333333,2,CFS_Cat,11,0.168524291
PY1,10^5,7.833333333,2,CFS_Cat,12,0.199566681
PY1,10^5,7.833333333,2,noCFS_Cat_ctrl,1,0.019520823
PY1,10^5,7.833333333,2,noCFS_Cat_ctrl,2,0.01474507
PY1,10^5,7.833333333,2,noCFS_Cat_ctrl,3,0.015700221
PY1,10^5,7.833333333,2,noCFS_Cat_ctrl,4,0.017132946
PY1,10^5,7.833333333,2,noCFS_Cat_ctrl,5,0.01283477
PY1,10^5,7.833333333,2,noCFS_Cat_ctrl,6,0.015700221
PY1,10^5,7.833333333,2,noCFS_Cat_ctrl,7,0.018088097
PY1,10^5,7.833333333,2,noCFS_Cat_ctrl,8,0.019043247
PY1,10^5,7.833333333,2,noCFS_Cat_ctrl,9,0.015700221
PY1,10^5,7.833333333,2,noCFS_Cat_ctrl,10,0.020475973
PY1,10^5,7.833333333,2,noCFS_Cat_ctrl,11,0.017132946
PY1,10^5,7.833333333,2,noCFS_Cat_ctrl,12,0.01474507
PY1,10^5,7.833333333,3,CFS_Cat,1,0.210239702
PY1,10^5,7.833333333,3,CFS_Cat,2,0.217533898
PY1,10^5,7.833333333,3,CFS_Cat,3,0.211955983
PY1,10^5,7.833333333,3,CFS_Cat,4,0.20766528
PY1,10^5,7.833333333,3,CFS_Cat,5,0.199512942
PY1,10^5,7.833333333,3,CFS_Cat,6,0.200371083
PY1,10^5,7.833333333,3,CFS_Cat,7,0.178917564
PY1,10^5,7.833333333,3,CFS_Cat,8,0.199942013
PY1,10^5,7.833333333,3,CFS_Cat,9,0.200371083
PY1,10^5,7.833333333,3,CFS_Cat,10,0.209810631
PY1,10^5,7.833333333,3,CFS_Cat,11,0.203374576
PY1,10^5,7.833333333,3,CFS_Cat,12,0.204232717
PY1,10^5,7.833333333,3,noCFS_Cat_ctrl,1,0.047192958
PY1,10^5,7.833333333,3,noCFS_Cat_ctrl,2,0.037324339
PY1,10^5,7.833333333,3,noCFS_Cat_ctrl,3,0.039898761
PY1,10^5,7.833333333,3,noCFS_Cat_ctrl,4,0.035178987
PY1,10^5,7.833333333,3,noCFS_Cat_ctrl,5,0.036037128
PY1,10^5,7.833333333,3,noCFS_Cat_ctrl,6,0.03775341
PY1,10^5,7.833333333,3,noCFS_Cat_ctrl,7,0.039040621
PY1,10^5,7.833333333,3,noCFS_Cat_ctrl,8,0.030459213
PY1,10^5,7.833333333,3,noCFS_Cat_ctrl,9,0.033891776
PY1,10^5,7.833333333,3,noCFS_Cat_ctrl,10,0.036895269
PY1,10^5,7.833333333,3,noCFS_Cat_ctrl,11,0.033891776
PY1,10^5,7.833333333,3,noCFS_Cat_ctrl,12,0.032604565
PY1,10^5,9.875,1,CFS_Cat,1,0.398897304
PY1,10^5,9.875,1,CFS_Cat,2,0.381824945
PY1,10^5,9.875,1,CFS_Cat,3,0.395566112
PY1,10^5,9.875,1,CFS_Cat,4,0.365585384
PY1,10^5,9.875,1,CFS_Cat,5,0.368083778
PY1,10^5,9.875,1,CFS_Cat,6,0.368500177
PY1,10^5,9.875,1,CFS_Cat,7,0.354759009
PY1,10^5,9.875,1,CFS_Cat,8,0.343932635
PY1,10^5,9.875,1,CFS_Cat,9,0.348096625
PY1,10^5,9.875,1,CFS_Cat,10,0.329775069
PY1,10^5,9.875,1,CFS_Cat,11,0.355175408
PY1,10^5,9.875,1,CFS_Cat,12,0.367667379
PY1,10^5,9.875,1,noCFS_Cat_ctrl,1,0.089929238
PY1,10^5,9.875,1,noCFS_Cat_ctrl,2,0.080352061
PY1,10^5,9.875,1,noCFS_Cat_ctrl,3,0.094509627
PY1,10^5,9.875,1,noCFS_Cat_ctrl,4,0.088263642
PY1,10^5,9.875,1,noCFS_Cat_ctrl,5,0.082017657
PY1,10^5,9.875,1,noCFS_Cat_ctrl,6,0.075771672
PY1,10^5,9.875,1,noCFS_Cat_ctrl,7,0.077853667
PY1,10^5,9.875,1,noCFS_Cat_ctrl,8,0.069942086
PY1,10^5,9.875,1,noCFS_Cat_ctrl,9,0.082434056
PY1,10^5,9.875,1,noCFS_Cat_ctrl,10,0.078686465
PY1,10^5,9.875,1,noCFS_Cat_ctrl,11,0.079102864
PY1,10^5,9.875,1,noCFS_Cat_ctrl,12,0.068692889
PY1,10^5,9.875,2,CFS_Cat,1,0.28688597
PY1,10^5,9.875,2,CFS_Cat,2,0.281889182
PY1,10^5,9.875,2,CFS_Cat,3,0.285220374
PY1,10^5,9.875,2,CFS_Cat,4,0.277725192
PY1,10^5,9.875,2,CFS_Cat,5,0.285220374
PY1,10^5,9.875,2,CFS_Cat,6,0.286469571
PY1,10^5,9.875,2,CFS_Cat,7,0.293964754
PY1,10^5,9.875,2,CFS_Cat,8,0.273144803
PY1,10^5,9.875,2,CFS_Cat,9,0.283554778
PY1,10^5,9.875,2,CFS_Cat,10,0.283138379
PY1,10^5,9.875,2,CFS_Cat,11,0.300210739
PY1,10^5,9.875,2,CFS_Cat,12,0.283554778
PY1,10^5,9.875,2,noCFS_Cat_ctrl,1,0.050371332
PY1,10^5,9.875,2,noCFS_Cat_ctrl,2,0.04704014
PY1,10^5,9.875,2,noCFS_Cat_ctrl,3,0.050371332
PY1,10^5,9.875,2,noCFS_Cat_ctrl,4,0.045790943
PY1,10^5,9.875,2,noCFS_Cat_ctrl,5,0.046623741
PY1,10^5,9.875,2,noCFS_Cat_ctrl,6,0.044958145
PY1,10^5,9.875,2,noCFS_Cat_ctrl,7,0.052453327
PY1,10^5,9.875,2,noCFS_Cat_ctrl,8,0.044958145
PY1,10^5,9.875,2,noCFS_Cat_ctrl,9,0.046623741
PY1,10^5,9.875,2,noCFS_Cat_ctrl,10,0.04287615
PY1,10^5,9.875,2,noCFS_Cat_ctrl,11,0.042043352
PY1,10^5,9.875,2,noCFS_Cat_ctrl,12,0.042459751
PY1,10^5,9.875,3,CFS_Cat,1,0.337121773
PY1,10^5,9.875,3,CFS_Cat,2,0.327556789
PY1,10^5,9.875,3,CFS_Cat,3,0.354885316
PY1,10^5,9.875,3,CFS_Cat,4,0.335755347
PY1,10^5,9.875,3,CFS_Cat,5,0.338032724
PY1,10^5,9.875,3,CFS_Cat,6,0.348964135
PY1,10^5,9.875,3,CFS_Cat,7,0.343042954
PY1,10^5,9.875,3,CFS_Cat,8,0.313437051
PY1,10^5,9.875,3,CFS_Cat,9,0.346231282
PY1,10^5,9.875,3,CFS_Cat,10,0.353063414
PY1,10^5,9.875,3,CFS_Cat,11,0.348964135
PY1,10^5,9.875,3,CFS_Cat,12,0.339854626
PY1,10^5,9.875,3,noCFS_Cat_ctrl,1,0.06793579
PY1,10^5,9.875,3,noCFS_Cat_ctrl,2,0.062014609
PY1,10^5,9.875,3,noCFS_Cat_ctrl,3,0.058370806
PY1,10^5,9.875,3,noCFS_Cat_ctrl,4,0.065658413
PY1,10^5,9.875,3,noCFS_Cat_ctrl,5,0.066113888
PY1,10^5,9.875,3,noCFS_Cat_ctrl,6,0.065658413
PY1,10^5,9.875,3,noCFS_Cat_ctrl,7,0.065658413
PY1,10^5,9.875,3,noCFS_Cat_ctrl,8,0.06292556
PY1,10^5,9.875,3,noCFS_Cat_ctrl,9,0.062470085
PY1,10^5,9.875,3,noCFS_Cat_ctrl,10,0.060192707
PY1,10^5,9.875,3,noCFS_Cat_ctrl,11,0.058826281
PY1,10^5,9.875,3,noCFS_Cat_ctrl,12,0.058370806
PY1,10^5,12.64583333,1,CFS_Cat,1,0.715563007
PY1,10^5,12.64583333,1,CFS_Cat,2,0.648997009
PY1,10^5,12.64583333,1,CFS_Cat,3,0.795871663
PY1,10^5,12.64583333,1,CFS_Cat,4,0.67304666
PY1,10^5,12.64583333,1,CFS_Cat,5,0.642984596
PY1,10^5,12.64583333,1,CFS_Cat,6,0.658874544
PY1,10^5,12.64583333,1,CFS_Cat,7,0.639548932
PY1,10^5,12.64583333,1,CFS_Cat,8,0.612922532
PY1,10^5,12.64583333,1,CFS_Cat,9,0.667034247
PY1,10^5,12.64583333,1,CFS_Cat,10,0.659304002
PY1,10^5,12.64583333,1,CFS_Cat,11,0.682924195
PY1,10^5,12.64583333,1,CFS_Cat,12,0.724152168
PY1,10^5,12.64583333,1,noCFS_Cat_ctrl,1,0.103155822
PY1,10^5,12.64583333,1,noCFS_Cat_ctrl,2,0.10573257
PY1,10^5,12.64583333,1,noCFS_Cat_ctrl,3,0.089842622
PY1,10^5,12.64583333,1,noCFS_Cat_ctrl,4,0.110027151
PY1,10^5,12.64583333,1,noCFS_Cat_ctrl,5,0.098861242
PY1,10^5,12.64583333,1,noCFS_Cat_ctrl,6,0.096284493
PY1,10^5,12.64583333,1,noCFS_Cat_ctrl,7,0.112603899
PY1,10^5,12.64583333,1,noCFS_Cat_ctrl,8,0.105303112
PY1,10^5,12.64583333,1,noCFS_Cat_ctrl,9,0.096284493
PY1,10^5,12.64583333,1,noCFS_Cat_ctrl,10,0.104014738
PY1,10^5,12.64583333,1,noCFS_Cat_ctrl,11,0.103155822
PY1,10^5,12.64583333,1,noCFS_Cat_ctrl,12,0.091560455
PY1,10^5,12.64583333,2,CFS_Cat,1,0.573841849
PY1,10^5,12.64583333,2,CFS_Cat,2,0.571694559
PY1,10^5,12.64583333,2,CFS_Cat,3,0.627524106
PY1,10^5,12.64583333,2,CFS_Cat,4,0.532184418
PY1,10^5,12.64583333,2,CFS_Cat,5,0.54506816
PY1,10^5,12.64583333,2,CFS_Cat,6,0.524024715
PY1,10^5,12.64583333,2,CFS_Cat,7,0.523165799
PY1,10^5,12.64583333,2,CFS_Cat,8,0.515865012
PY1,10^5,12.64583333,2,CFS_Cat,9,0.534761166
PY1,10^5,12.64583333,2,CFS_Cat,10,0.551510031
PY1,10^5,12.64583333,2,CFS_Cat,11,0.505558019
PY1,10^5,12.64583333,2,CFS_Cat,12,0.578565888
PY1,10^5,12.64583333,2,noCFS_Cat_ctrl,1,0.05720381
PY1,10^5,12.64583333,2,noCFS_Cat_ctrl,2,0.047755733
PY1,10^5,12.64583333,2,noCFS_Cat_ctrl,3,0.052050314
PY1,10^5,12.64583333,2,noCFS_Cat_ctrl,4,0.057633268
PY1,10^5,12.64583333,2,noCFS_Cat_ctrl,5,0.046467359
PY1,10^5,12.64583333,2,noCFS_Cat_ctrl,6,0.046037901
PY1,10^5,12.64583333,2,noCFS_Cat_ctrl,7,0.058921642
PY1,10^5,12.64583333,2,noCFS_Cat_ctrl,8,0.058062726
PY1,10^5,12.64583333,2,noCFS_Cat_ctrl,9,0.054627062
PY1,10^5,12.64583333,2,noCFS_Cat_ctrl,10,0.05505652
PY1,10^5,12.64583333,2,noCFS_Cat_ctrl,11,0.055915436
PY1,10^5,12.64583333,2,noCFS_Cat_ctrl,12,0.048185191
PY1,10^5,12.64583333,3,CFS_Cat,1,0.644461048
PY1,10^5,12.64583333,3,CFS_Cat,2,0.683101797
PY1,10^5,12.64583333,3,CFS_Cat,3,0.670921561
PY1,10^5,12.64583333,3,CFS_Cat,4,0.622620625
PY1,10^5,12.64583333,3,CFS_Cat,5,0.646561089
PY1,10^5,12.64583333,3,CFS_Cat,6,0.639420951
PY1,10^5,12.64583333,3,CFS_Cat,7,0.640260967
PY1,10^5,12.64583333,3,CFS_Cat,8,0.689821927
PY1,10^5,12.64583333,3,CFS_Cat,9,0.647821113
PY1,10^5,12.64583333,3,CFS_Cat,10,0.665881463
PY1,10^5,12.64583333,3,CFS_Cat,11,0.683941813
PY1,10^5,12.64583333,3,CFS_Cat,12,0.624300658
PY1,10^5,12.64583333,3,noCFS_Cat_ctrl,1,0.099290487
PY1,10^5,12.64583333,3,noCFS_Cat_ctrl,2,0.084590202
PY1,10^5,12.64583333,3,noCFS_Cat_ctrl,3,0.090890324
PY1,10^5,12.64583333,3,noCFS_Cat_ctrl,4,0.084590202
PY1,10^5,12.64583333,3,noCFS_Cat_ctrl,5,0.091730341
PY1,10^5,12.64583333,3,noCFS_Cat_ctrl,6,0.079130097
PY1,10^5,12.64583333,3,noCFS_Cat_ctrl,7,0.094670398
PY1,10^5,12.64583333,3,noCFS_Cat_ctrl,8,0.075350023
PY1,10^5,12.64583333,3,noCFS_Cat_ctrl,9,0.080810129
PY1,10^5,12.64583333,3,noCFS_Cat_ctrl,10,0.077870072
PY1,10^5,12.64583333,3,noCFS_Cat_ctrl,11,0.077870072
PY1,10^5,12.64583333,3,noCFS_Cat_ctrl,12,0.072409966
PY1,10^3,12.64583333,1,CFS_Cat,1,0.107685874
PY1,10^3,12.64583333,1,CFS_Cat,2,0.11097763
PY1,10^3,12.64583333,1,CFS_Cat,3,0.102748241
PY1,10^3,12.64583333,1,CFS_Cat,4,0.111800569
PY1,10^3,12.64583333,1,CFS_Cat,5,0.107274405
PY1,10^3,12.64583333,1,CFS_Cat,6,0.109743222
PY1,10^3,12.64583333,1,CFS_Cat,7,0.109331752
PY1,10^3,12.64583333,1,CFS_Cat,8,0.11097763
PY1,10^3,12.64583333,1,CFS_Cat,9,0.10357118
PY1,10^3,12.64583333,1,CFS_Cat,10,0.109743222
PY1,10^3,12.64583333,1,CFS_Cat,11,0.106039996
PY1,10^3,12.64583333,1,CFS_Cat,12,0.107274405
PY1,10^3,12.64583333,1,noCFS_Cat_ctrl,1,0
PY1,10^3,12.64583333,1,noCFS_Cat_ctrl,2,0
PY1,10^3,12.64583333,1,noCFS_Cat_ctrl,3,0
PY1,10^3,12.64583333,1,noCFS_Cat_ctrl,4,0
PY1,10^3,12.64583333,1,noCFS_Cat_ctrl,5,0
PY1,10^3,12.64583333,1,noCFS_Cat_ctrl,6,0
PY1,10^3,12.64583333,1,noCFS_Cat_ctrl,7,0
PY1,10^3,12.64583333,1,noCFS_Cat_ctrl,8,0
PY1,10^3,12.64583333,1,noCFS_Cat_ctrl,9,0
PY1,10^3,12.64583333,1,noCFS_Cat_ctrl,10,0
PY1,10^3,12.64583333,1,noCFS_Cat_ctrl,11,0
PY1,10^3,12.64583333,1,noCFS_Cat_ctrl,12,0
PY1,10^3,12.64583333,2,CFS_Cat,1,0.106039996
PY1,10^3,12.64583333,2,CFS_Cat,2,0.112212038
PY1,10^3,12.64583333,2,CFS_Cat,3,0.106862935
PY1,10^3,12.64583333,2,CFS_Cat,4,0.107274405
PY1,10^3,12.64583333,2,CFS_Cat,5,0.108508813
PY1,10^3,12.64583333,2,CFS_Cat,6,0.097399138
PY1,10^3,12.64583333,2,CFS_Cat,7,0.108920283
PY1,10^3,12.64583333,2,CFS_Cat,8,0.105628527
PY1,10^3,12.64583333,2,CFS_Cat,9,0.105628527
PY1,10^3,12.64583333,2,CFS_Cat,10,0.101925302
PY1,10^3,12.64583333,2,CFS_Cat,11,0.107274405
PY1,10^3,12.64583333,2,CFS_Cat,12,0.092461504
PY1,10^3,12.64583333,2,noCFS_Cat_ctrl,1,0
PY1,10^3,12.64583333,2,noCFS_Cat_ctrl,2,0
PY1,10^3,12.64583333,2,noCFS_Cat_ctrl,3,0
PY1,10^3,12.64583333,2,noCFS_Cat_ctrl,4,0
PY1,10^3,12.64583333,2,noCFS_Cat_ctrl,5,0
PY1,10^3,12.64583333,2,noCFS_Cat_ctrl,6,0
PY1,10^3,12.64583333,2,noCFS_Cat_ctrl,7,0
PY1,10^3,12.64583333,2,noCFS_Cat_ctrl,8,0
PY1,10^3,12.64583333,2,noCFS_Cat_ctrl,9,0
PY1,10^3,12.64583333,2,noCFS_Cat_ctrl,10,0
PY1,10^3,12.64583333,2,noCFS_Cat_ctrl,11,0
PY1,10^3,12.64583333,2,noCFS_Cat_ctrl,12,0
PY1,10^3,12.64583333,3,CFS_Cat,1,0.094252143
PY1,10^3,12.64583333,3,CFS_Cat,2,0.112631181
PY1,10^3,12.64583333,3,CFS_Cat,3,0.092581321
PY1,10^3,12.64583333,3,CFS_Cat,4,0.092581321
PY1,10^3,12.64583333,3,CFS_Cat,5,0.105530189
PY1,10^3,12.64583333,3,CFS_Cat,6,0.09174591
PY1,10^3,12.64583333,3,CFS_Cat,7,0.100517724
PY1,10^3,12.64583333,3,CFS_Cat,8,0.099264607
PY1,10^3,12.64583333,3,CFS_Cat,9,0.095087553
PY1,10^3,12.64583333,3,CFS_Cat,10,0.106783305
PY1,10^3,12.64583333,3,CFS_Cat,11,0.102188545
PY1,10^3,12.64583333,3,CFS_Cat,12,0.100517724
PY1,10^3,12.64583333,3,noCFS_Cat_ctrl,1,0
PY1,10^3,12.64583333,3,noCFS_Cat_ctrl,2,0
PY1,10^3,12.64583333,3,noCFS_Cat_ctrl,3,0
PY1,10^3,12.64583333,3,noCFS_Cat_ctrl,4,0
PY1,10^3,12.64583333,3,noCFS_Cat_ctrl,5,0
PY1,10^3,12.64583333,3,noCFS_Cat_ctrl,6,0
PY1,10^3,12.64583333,3,noCFS_Cat_ctrl,7,0
PY1,10^3,12.64583333,3,noCFS_Cat_ctrl,8,0
PY1,10^3,12.64583333,3,noCFS_Cat_ctrl,9,0
PY1,10^3,12.64583333,3,noCFS_Cat_ctrl,10,0
PY1,10^3,12.64583333,3,noCFS_Cat_ctrl,11,0
PY1,10^3,12.64583333,3,noCFS_Cat_ctrl,12,0
PY1,10^0,15.60416667,1,CFS_Cat,1,0.144144158
PY1,10^0,15.60416667,1,CFS_Cat,2,0.147786093
PY1,10^0,15.60416667,1,CFS_Cat,3,0.145184711
PY1,10^0,15.60416667,1,CFS_Cat,4,0.144144158
PY1,10^0,15.60416667,1,CFS_Cat,5,0.144664434
PY1,10^0,15.60416667,1,CFS_Cat,6,0.141542776
PY1,10^0,15.60416667,1,CFS_Cat,7,0.143103605
PY1,10^0,15.60416667,1,CFS_Cat,8,0.137380564
PY1,10^0,15.60416667,1,CFS_Cat,9,0.141542776
PY1,10^0,15.60416667,1,CFS_Cat,10,0.14674554
PY1,10^0,15.60416667,1,CFS_Cat,11,0.139981946
PY1,10^0,15.60416667,1,CFS_Cat,12,0.144664434
PY1,10^0,15.60416667,2,CFS_Cat,1,0.140502223
PY1,10^0,15.60416667,2,CFS_Cat,2,0.14674554
PY1,10^0,15.60416667,2,CFS_Cat,3,0.136860288
PY1,10^0,15.60416667,2,CFS_Cat,4,0.136860288
PY1,10^0,15.60416667,2,CFS_Cat,5,0.140502223
PY1,10^0,15.60416667,2,CFS_Cat,6,0.142063052
PY1,10^0,15.60416667,2,CFS_Cat,7,0.128535865
PY1,10^0,15.60416667,2,CFS_Cat,8,0.13373863
PY1,10^0,15.60416667,2,CFS_Cat,9,0.13946167
PY1,10^0,15.60416667,2,CFS_Cat,10,0.137900841
PY1,10^0,15.60416667,2,CFS_Cat,11,0.136340012
PY1,10^0,15.60416667,2,CFS_Cat,12,0.138421117
PY1,10^0,15.60416667,3,CFS_Cat,1,0.140502223
PY1,10^0,15.60416667,3,CFS_Cat,2,0.141022499
PY1,10^0,15.60416667,3,CFS_Cat,3,0.121772272
PY1,10^0,15.60416667,3,CFS_Cat,4,0.145704987
PY1,10^0,15.60416667,3,CFS_Cat,5,0.137900841
PY1,10^0,15.60416667,3,CFS_Cat,6,0.128535865
PY1,10^0,15.60416667,3,CFS_Cat,7,0.143623881
PY1,10^0,15.60416667,3,CFS_Cat,8,0.141022499
PY1,10^0,15.60416667,3,CFS_Cat,9,0.128535865
PY1,10^0,15.60416667,3,CFS_Cat,10,0.138421117
PY1,10^0,15.60416667,3,CFS_Cat,11,0.135299459
PY1,10^0,15.60416667,3,CFS_Cat,12,0.130616971
PY1,10^3,15.60416667,1,CFS_Cat,1,0.193290954
PY1,10^3,15.60416667,1,CFS_Cat,2,0.171742971
PY1,10^3,15.60416667,1,CFS_Cat,3,0.179100819
PY1,10^3,15.60416667,1,CFS_Cat,4,0.172794092
PY1,10^3,15.60416667,1,CFS_Cat,5,0.182779743
PY1,10^3,15.60416667,1,CFS_Cat,6,0.17069185
PY1,10^3,15.60416667,1,CFS_Cat,7,0.173319652
PY1,10^3,15.60416667,1,CFS_Cat,8,0.169115168
PY1,10^3,15.60416667,1,CFS_Cat,9,0.169640728
PY1,10^3,15.60416667,1,CFS_Cat,10,0.169640728
PY1,10^3,15.60416667,1,CFS_Cat,11,0.172268531
PY1,10^3,15.60416667,1,CFS_Cat,12,0.168064047
PY1,10^3,15.60416667,2,CFS_Cat,1,0.158603956
PY1,10^3,15.60416667,2,CFS_Cat,2,0.160706199
PY1,10^3,15.60416667,2,CFS_Cat,3,0.159129517
PY1,10^3,15.60416667,2,CFS_Cat,4,0.138107094
PY1,10^3,15.60416667,2,CFS_Cat,5,0.15282279
PY1,10^3,15.60416667,2,CFS_Cat,6,0.156501714
PY1,10^3,15.60416667,2,CFS_Cat,7,0.145464942
PY1,10^3,15.60416667,2,CFS_Cat,8,0.149143866
PY1,10^3,15.60416667,2,CFS_Cat,9,0.146516063
PY1,10^3,15.60416667,2,CFS_Cat,10,0.153873911
PY1,10^3,15.60416667,2,CFS_Cat,11,0.154925033
PY1,10^3,15.60416667,2,CFS_Cat,12,0.149669427
PY1,10^3,15.60416667,3,CFS_Cat,1,0.179626379
PY1,10^3,15.60416667,3,CFS_Cat,2,0.165436244
PY1,10^3,15.60416667,3,CFS_Cat,3,0.161231759
PY1,10^3,15.60416667,3,CFS_Cat,4,0.166487365
PY1,10^3,15.60416667,3,CFS_Cat,5,0.164385123
PY1,10^3,15.60416667,3,CFS_Cat,6,0.154399472
PY1,10^3,15.60416667,3,CFS_Cat,7,0.157552835
PY1,10^3,15.60416667,3,CFS_Cat,8,0.160706199
PY1,10^3,15.60416667,3,CFS_Cat,9,0.147041624
PY1,10^3,15.60416667,3,CFS_Cat,10,0.15282279
PY1,10^3,15.60416667,3,CFS_Cat,11,0.150720548
PY1,10^3,15.60416667,3,CFS_Cat,12,0.149669427
PY1,10^5,15.60416667,1,CFS_Cat,1,1
PY1,10^5,15.60416667,1,CFS_Cat,2,1
PY1,10^5,15.60416667,1,CFS_Cat,3,1
PY1,10^5,15.60416667,1,CFS_Cat,4,1
PY1,10^5,15.60416667,1,CFS_Cat,5,0.969527611
PY1,10^5,15.60416667,1,CFS_Cat,6,1
PY1,10^5,15.60416667,1,CFS_Cat,7,0.99025357
PY1,10^5,15.60416667,1,CFS_Cat,8,0.911393821
PY1,10^5,15.60416667,1,CFS_Cat,9,0.981154369
PY1,10^5,15.60416667,1,CFS_Cat,10,1
PY1,10^5,15.60416667,1,CFS_Cat,11,1
PY1,10^5,15.60416667,1,CFS_Cat,12,1
PY1,10^5,15.60416667,1,noCFS_Cat_ctrl,1,0.159698648
PY1,10^5,15.60416667,1,noCFS_Cat_ctrl,2,0.155654558
PY1,10^5,15.60416667,1,noCFS_Cat_ctrl,3,0.143522289
PY1,10^5,15.60416667,1,noCFS_Cat_ctrl,4,0.166270294
PY1,10^5,15.60416667,1,noCFS_Cat_ctrl,5,0.154643536
PY1,10^5,15.60416667,1,noCFS_Cat_ctrl,6,0.151610468
PY1,10^5,15.60416667,1,noCFS_Cat_ctrl,7,0.16879785
PY1,10^5,15.60416667,1,noCFS_Cat_ctrl,8,0.166775805
PY1,10^5,15.60416667,1,noCFS_Cat_ctrl,9,0.152621491
PY1,10^5,15.60416667,1,noCFS_Cat_ctrl,10,0.161215181
PY1,10^5,15.60416667,1,noCFS_Cat_ctrl,11,0.156665581
PY1,10^5,15.60416667,1,noCFS_Cat_ctrl,12,0.14807189
PY1,10^5,15.60416667,2,CFS_Cat,1,1
PY1,10^5,15.60416667,2,CFS_Cat,2,1
PY1,10^5,15.60416667,2,CFS_Cat,3,1
PY1,10^5,15.60416667,2,CFS_Cat,4,1
PY1,10^5,15.60416667,2,CFS_Cat,5,0.978626813
PY1,10^5,15.60416667,2,CFS_Cat,6,1
PY1,10^5,15.60416667,2,CFS_Cat,7,0.973066189
PY1,10^5,15.60416667,2,CFS_Cat,8,0.999352772
PY1,10^5,15.60416667,2,CFS_Cat,9,1
PY1,10^5,15.60416667,2,CFS_Cat,10,1
PY1,10^5,15.60416667,2,CFS_Cat,11,1
PY1,10^5,15.60416667,2,CFS_Cat,12,1
PY1,10^5,15.60416667,2,noCFS_Cat_ctrl,1,0.096004235
PY1,10^5,15.60416667,2,noCFS_Cat_ctrl,2,0.082355432
PY1,10^5,15.60416667,2,noCFS_Cat_ctrl,3,0.091960145
PY1,10^5,15.60416667,2,noCFS_Cat_ctrl,4,0.099037302
PY1,10^5,15.60416667,2,noCFS_Cat_ctrl,5,0.084377477
PY1,10^5,15.60416667,2,noCFS_Cat_ctrl,6,0.0853885
PY1,10^5,15.60416667,2,noCFS_Cat_ctrl,7,0.10661997
PY1,10^5,15.60416667,2,noCFS_Cat_ctrl,8,0.096004235
PY1,10^5,15.60416667,2,noCFS_Cat_ctrl,9,0.091454634
PY1,10^5,15.60416667,2,noCFS_Cat_ctrl,10,0.100553836
PY1,10^5,15.60416667,2,noCFS_Cat_ctrl,11,0.096509746
PY1,10^5,15.60416667,2,noCFS_Cat_ctrl,12,0.08134441
PY1,10^5,15.60416667,3,CFS_Cat,1,1
PY1,10^5,15.60416667,3,CFS_Cat,2,1
PY1,10^5,15.60416667,3,CFS_Cat,3,1
PY1,10^5,15.60416667,3,CFS_Cat,4,1
PY1,10^5,15.60416667,3,CFS_Cat,5,0.969269688
PY1,10^5,15.60416667,3,CFS_Cat,6,1
PY1,10^5,15.60416667,3,CFS_Cat,7,1
PY1,10^5,15.60416667,3,CFS_Cat,8,0.990634171
PY1,10^5,15.60416667,3,CFS_Cat,9,1
PY1,10^5,15.60416667,3,CFS_Cat,10,1
PY1,10^5,15.60416667,3,CFS_Cat,11,1
PY1,10^5,15.60416667,3,CFS_Cat,12,1
PY1,10^5,15.60416667,3,noCFS_Cat_ctrl,1,0.144309298
PY1,10^5,15.60416667,3,noCFS_Cat_ctrl,2,0.132655944
PY1,10^5,15.60416667,3,noCFS_Cat_ctrl,3,0.119060363
PY1,10^5,15.60416667,3,noCFS_Cat_ctrl,4,0.134112613
PY1,10^5,15.60416667,3,noCFS_Cat_ctrl,5,0.129257049
PY1,10^5,15.60416667,3,noCFS_Cat_ctrl,6,0.119060363
PY1,10^5,15.60416667,3,noCFS_Cat_ctrl,7,0.138968177
PY1,10^5,15.60416667,3,noCFS_Cat_ctrl,8,0.13993929
PY1,10^5,15.60416667,3,noCFS_Cat_ctrl,9,0.121973702
PY1,10^5,15.60416667,3,noCFS_Cat_ctrl,10,0.129257049
PY1,10^5,15.60416667,3,noCFS_Cat_ctrl,11,0.128771492
PY1,10^5,15.60416667,3,noCFS_Cat_ctrl,12,0.112262573
PY1,10^5,18.83333333,1,CFS_Cat,1,1
PY1,10^5,18.83333333,1,CFS_Cat,2,1
PY1,10^5,18.83333333,1,CFS_Cat,3,1
PY1,10^5,18.83333333,1,CFS_Cat,4,1
PY1,10^5,18.83333333,1,CFS_Cat,5,0.911813945
PY1,10^5,18.83333333,1,CFS_Cat,6,1
PY1,10^5,18.83333333,1,CFS_Cat,7,1
PY1,10^5,18.83333333,1,CFS_Cat,8,0.933442261
PY1,10^5,18.83333333,1,CFS_Cat,9,1
PY1,10^5,18.83333333,1,CFS_Cat,10,1
PY1,10^5,18.83333333,1,CFS_Cat,11,1
PY1,10^5,18.83333333,1,CFS_Cat,12,1
PY1,10^5,18.83333333,1,noCFS_Cat_ctrl,1,0.223552893
PY1,10^5,18.83333333,1,noCFS_Cat_ctrl,2,0.233646107
PY1,10^5,18.83333333,1,noCFS_Cat_ctrl,3,0.183660667
PY1,10^5,18.83333333,1,noCFS_Cat_ctrl,4,0.224514151
PY1,10^5,18.83333333,1,noCFS_Cat_ctrl,5,0.207211499
PY1,10^5,18.83333333,1,noCFS_Cat_ctrl,6,0.187505701
PY1,10^5,18.83333333,1,noCFS_Cat_ctrl,7,0.272096445
PY1,10^5,18.83333333,1,noCFS_Cat_ctrl,8,0.251429388
PY1,10^5,18.83333333,1,noCFS_Cat_ctrl,9,0.214901567
PY1,10^5,18.83333333,1,noCFS_Cat_ctrl,10,0.238452399
PY1,10^5,18.83333333,1,noCFS_Cat_ctrl,11,0.238933028
PY1,10^5,18.83333333,1,noCFS_Cat_ctrl,12,0.206250241
PY1,10^5,18.83333333,2,CFS_Cat,1,1
PY1,10^5,18.83333333,2,CFS_Cat,2,1
PY1,10^5,18.83333333,2,CFS_Cat,3,1
PY1,10^5,18.83333333,2,CFS_Cat,4,1
PY1,10^5,18.83333333,2,CFS_Cat,5,1
PY1,10^5,18.83333333,2,CFS_Cat,6,1
PY1,10^5,18.83333333,2,CFS_Cat,7,1
PY1,10^5,18.83333333,2,CFS_Cat,8,1
PY1,10^5,18.83333333,2,CFS_Cat,9,1
PY1,10^5,18.83333333,2,CFS_Cat,10,1
PY1,10^5,18.83333333,2,CFS_Cat,11,1
PY1,10^5,18.83333333,2,CFS_Cat,12,1
PY1,10^5,18.83333333,2,noCFS_Cat_ctrl,1,0.113969429
PY1,10^5,18.83333333,2,noCFS_Cat_ctrl,2,0.108201879
PY1,10^5,18.83333333,2,noCFS_Cat_ctrl,3,0.114930688
PY1,10^5,18.83333333,2,noCFS_Cat_ctrl,4,0.133675228
PY1,10^5,18.83333333,2,noCFS_Cat_ctrl,5,0.110605025
PY1,10^5,18.83333333,2,noCFS_Cat_ctrl,6,0.111566283
PY1,10^5,18.83333333,2,noCFS_Cat_ctrl,7,0.153381026
PY1,10^5,18.83333333,2,noCFS_Cat_ctrl,8,0.125023901
PY1,10^5,18.83333333,2,noCFS_Cat_ctrl,9,0.122140126
PY1,10^5,18.83333333,2,noCFS_Cat_ctrl,10,0.13848152
PY1,10^5,18.83333333,2,noCFS_Cat_ctrl,11,0.126946418
PY1,10^5,18.83333333,2,noCFS_Cat_ctrl,12,0.109163137
PY1,10^5,18.83333333,3,CFS_Cat,1,1
PY1,10^5,18.83333333,3,CFS_Cat,2,1
PY1,10^5,18.83333333,3,CFS_Cat,3,1
PY1,10^5,18.83333333,3,CFS_Cat,4,1
PY1,10^5,18.83333333,3,CFS_Cat,5,0.87666268
PY1,10^5,18.83333333,3,CFS_Cat,6,1
PY1,10^5,18.83333333,3,CFS_Cat,7,1
PY1,10^5,18.83333333,3,CFS_Cat,8,1
PY1,10^5,18.83333333,3,CFS_Cat,9,1
PY1,10^5,18.83333333,3,CFS_Cat,10,1
PY1,10^5,18.83333333,3,CFS_Cat,11,1
PY1,10^5,18.83333333,3,CFS_Cat,12,1
PY1,10^5,18.83333333,3,noCFS_Cat_ctrl,1,0.189826422
PY1,10^5,18.83333333,3,noCFS_Cat_ctrl,2,0.169972931
PY1,10^5,18.83333333,3,noCFS_Cat_ctrl,3,0.155791866
PY1,10^5,18.83333333,3,noCFS_Cat_ctrl,4,0.204007488
PY1,10^5,18.83333333,3,noCFS_Cat_ctrl,5,0.189826422
PY1,10^5,18.83333333,3,noCFS_Cat_ctrl,6,0.166664016
PY1,10^5,18.83333333,3,noCFS_Cat_ctrl,7,0.220079362
PY1,10^5,18.83333333,3,noCFS_Cat_ctrl,8,0.186044805
PY1,10^5,18.83333333,3,noCFS_Cat_ctrl,9,0.168554825
PY1,10^5,18.83333333,3,noCFS_Cat_ctrl,10,0.195498849
PY1,10^5,18.83333333,3,noCFS_Cat_ctrl,11,0.194553444
PY1,10^5,18.83333333,3,noCFS_Cat_ctrl,12,0.146810525
PY1,10^3,18.83333333,1,CFS_Cat,1,0.332875182
PY1,10^3,18.83333333,1,CFS_Cat,2,0.345307353
PY1,10^3,18.83333333,1,CFS_Cat,3,0.326428871
PY1,10^3,18.83333333,1,CFS_Cat,4,0.30847129
PY1,10^3,18.83333333,1,CFS_Cat,5,0.335177436
PY1,10^3,18.83333333,1,CFS_Cat,6,0.314917601
PY1,10^3,18.83333333,1,CFS_Cat,7,0.293276414
PY1,10^3,18.83333333,1,CFS_Cat,8,0.300643627
PY1,10^3,18.83333333,1,CFS_Cat,9,0.306629487
PY1,10^3,18.83333333,1,CFS_Cat,10,0.310313093
PY1,10^3,18.83333333,1,CFS_Cat,11,0.320443011
PY1,10^3,18.83333333,1,CFS_Cat,12,0.315378052
PY1,10^3,18.83333333,2,CFS_Cat,1,0.256900801
PY1,10^3,18.83333333,2,CFS_Cat,2,0.282686046
PY1,10^3,18.83333333,2,CFS_Cat,3,0.26795162
PY1,10^3,18.83333333,2,CFS_Cat,4,0.254598547
PY1,10^3,18.83333333,2,CFS_Cat,5,0.267491169
PY1,10^3,18.83333333,2,CFS_Cat,6,0.258282154
PY1,10^3,18.83333333,2,CFS_Cat,7,0.249994039
PY1,10^3,18.83333333,2,CFS_Cat,8,0.249073138
PY1,10^3,18.83333333,2,CFS_Cat,9,0.245849982
PY1,10^3,18.83333333,2,CFS_Cat,10,0.251375392
PY1,10^3,18.83333333,2,CFS_Cat,11,0.250914941
PY1,10^3,18.83333333,2,CFS_Cat,12,0.23295736
PY1,10^3,18.83333333,3,CFS_Cat,1,0.292815963
PY1,10^3,18.83333333,3,CFS_Cat,2,0.287751004
PY1,10^3,18.83333333,3,CFS_Cat,3,0.260123957
PY1,10^3,18.83333333,3,CFS_Cat,4,0.299262274
PY1,10^3,18.83333333,3,CFS_Cat,5,0.308010839
PY1,10^3,18.83333333,3,CFS_Cat,6,0.298341373
PY1,10^3,18.83333333,3,CFS_Cat,7,0.283606947
PY1,10^3,18.83333333,3,CFS_Cat,8,0.279002439
PY1,10^3,18.83333333,3,CFS_Cat,9,0.264268014
PY1,10^3,18.83333333,3,CFS_Cat,10,0.288671906
PY1,10^3,18.83333333,3,CFS_Cat,11,0.269332973
PY1,10^3,18.83333333,3,CFS_Cat,12,0.279923341
PY1,10^5,20.79166667,1,CFS_Cat,1,1
PY1,10^5,20.79166667,1,CFS_Cat,2,1
PY1,10^5,20.79166667,1,CFS_Cat,3,1
PY1,10^5,20.79166667,1,CFS_Cat,4,1
PY1,10^5,20.79166667,1,CFS_Cat,5,0.945865628
PY1,10^5,20.79166667,1,CFS_Cat,6,1
PY1,10^5,20.79166667,1,CFS_Cat,7,1
PY1,10^5,20.79166667,1,CFS_Cat,8,0.896890424
PY1,10^5,20.79166667,1,CFS_Cat,9,1
PY1,10^5,20.79166667,1,CFS_Cat,10,1
PY1,10^5,20.79166667,1,CFS_Cat,11,1
PY1,10^5,20.79166667,1,CFS_Cat,12,1
PY1,10^5,20.79166667,1,noCFS_Cat_ctrl,1,0.288996446
PY1,10^5,20.79166667,1,noCFS_Cat_ctrl,2,0.295010945
PY1,10^5,20.79166667,1,noCFS_Cat_ctrl,3,0.200497393
PY1,10^5,20.79166667,1,noCFS_Cat_ctrl,4,0.299736622
PY1,10^5,20.79166667,1,noCFS_Cat_ctrl,5,0.264079237
PY1,10^5,20.79166667,1,noCFS_Cat_ctrl,6,0.204793464
PY1,10^5,20.79166667,1,noCFS_Cat_ctrl,7,0.338401257
PY1,10^5,20.79166667,1,noCFS_Cat_ctrl,8,0.328949902
PY1,10^5,20.79166667,1,noCFS_Cat_ctrl,9,0.244317312
PY1,10^5,20.79166667,1,noCFS_Cat_ctrl,10,0.340119685
PY1,10^5,20.79166667,1,noCFS_Cat_ctrl,11,0.346993398
PY1,10^5,20.79166667,1,noCFS_Cat_ctrl,12,0.27825627
PY1,10^5,20.79166667,2,CFS_Cat,1,1
PY1,10^5,20.79166667,2,CFS_Cat,2,1
PY1,10^5,20.79166667,2,CFS_Cat,3,1
PY1,10^5,20.79166667,2,CFS_Cat,4,1
PY1,10^5,20.79166667,2,CFS_Cat,5,0.977226943
PY1,10^5,20.79166667,2,CFS_Cat,6,1
PY1,10^5,20.79166667,2,CFS_Cat,7,1
PY1,10^5,20.79166667,2,CFS_Cat,8,0.959613054
PY1,10^5,20.79166667,2,CFS_Cat,9,1
PY1,10^5,20.79166667,2,CFS_Cat,10,1
PY1,10^5,20.79166667,2,CFS_Cat,11,1
PY1,10^5,20.79166667,2,CFS_Cat,12,1
PY1,10^5,20.79166667,2,noCFS_Cat_ctrl,1,0.172143328
PY1,10^5,20.79166667,2,noCFS_Cat_ctrl,2,0.158825509
PY1,10^5,20.79166667,2,noCFS_Cat_ctrl,3,0.192764466
PY1,10^5,20.79166667,2,noCFS_Cat_ctrl,4,0.188898003
PY1,10^5,20.79166667,2,noCFS_Cat_ctrl,5,0.166128829
PY1,10^5,20.79166667,2,noCFS_Cat_ctrl,6,0.191905252
PY1,10^5,20.79166667,2,noCFS_Cat_ctrl,7,0.220259318
PY1,10^5,20.79166667,2,noCFS_Cat_ctrl,8,0.188468396
PY1,10^5,20.79166667,2,noCFS_Cat_ctrl,9,0.177298612
PY1,10^5,20.79166667,2,noCFS_Cat_ctrl,10,0.19362368
PY1,10^5,20.79166667,2,noCFS_Cat_ctrl,11,0.180735469
PY1,10^5,20.79166667,2,noCFS_Cat_ctrl,12,0.153240618
PY1,10^5,20.79166667,3,CFS_Cat,1,1
PY1,10^5,20.79166667,3,CFS_Cat,2,1
PY1,10^5,20.79166667,3,CFS_Cat,3,1
PY1,10^5,20.79166667,3,CFS_Cat,4,1
PY1,10^5,20.79166667,3,CFS_Cat,5,0.977984553
PY1,10^5,20.79166667,3,CFS_Cat,6,1
PY1,10^5,20.79166667,3,CFS_Cat,7,1
PY1,10^5,20.79166667,3,CFS_Cat,8,0.965129172
PY1,10^5,20.79166667,3,CFS_Cat,9,1
PY1,10^5,20.79166667,3,CFS_Cat,10,1
PY1,10^5,20.79166667,3,CFS_Cat,11,1
PY1,10^5,20.79166667,3,CFS_Cat,12,1
PY1,10^5,20.79166667,3,noCFS_Cat_ctrl,1,0.253521684
PY1,10^5,20.79166667,3,noCFS_Cat_ctrl,2,0.229054993
PY1,10^5,20.79166667,3,noCFS_Cat_ctrl,3,0.199197336
PY1,10^5,20.79166667,3,noCFS_Cat_ctrl,4,0.242325063
PY1,10^5,20.79166667,3,noCFS_Cat_ctrl,5,0.241910373
PY1,10^5,20.79166667,3,noCFS_Cat_ctrl,6,0.20707644
PY1,10^5,20.79166667,3,noCFS_Cat_ctrl,7,0.269279892
PY1,10^5,20.79166667,3,noCFS_Cat_ctrl,8,0.242325063
PY1,10^5,20.79166667,3,noCFS_Cat_ctrl,9,0.217858371
PY1,10^5,20.79166667,3,noCFS_Cat_ctrl,10,0.228640303
PY1,10^5,20.79166667,3,noCFS_Cat_ctrl,11,0.241910373
PY1,10^5,20.79166667,3,noCFS_Cat_ctrl,12,0.186341956
PY1,10^5,23.875,1,CFS_Cat,1,1
PY1,10^5,23.875,1,CFS_Cat,2,1
PY1,10^5,23.875,1,CFS_Cat,3,1
PY1,10^5,23.875,1,CFS_Cat,4,1
PY1,10^5,23.875,1,CFS_Cat,5,0.910878829
PY1,10^5,23.875,1,CFS_Cat,6,1
PY1,10^5,23.875,1,CFS_Cat,7,1
PY1,10^5,23.875,1,CFS_Cat,8,0.8713875
PY1,10^5,23.875,1,CFS_Cat,9,0.994747012
PY1,10^5,23.875,1,CFS_Cat,10,1
PY1,10^5,23.875,1,CFS_Cat,11,1
PY1,10^5,23.875,1,CFS_Cat,12,1
PY1,10^5,23.875,1,noCFS_Cat_ctrl,1,0.582734383
PY1,10^5,23.875,1,noCFS_Cat_ctrl,2,0.447161058
PY1,10^5,23.875,1,noCFS_Cat_ctrl,3,0.40889111
PY1,10^5,23.875,1,noCFS_Cat_ctrl,4,0.43698288
PY1,10^5,23.875,1,noCFS_Cat_ctrl,5,0.43698288
PY1,10^5,23.875,1,noCFS_Cat_ctrl,6,0.35555746
PY1,10^5,23.875,1,noCFS_Cat_ctrl,7,0.483802497
PY1,10^5,23.875,1,noCFS_Cat_ctrl,8,0.515965538
PY1,10^5,23.875,1,noCFS_Cat_ctrl,9,0.390977518
PY1,10^5,23.875,1,noCFS_Cat_ctrl,10,0.589655544
PY1,10^5,23.875,1,noCFS_Cat_ctrl,11,0.529400733
PY1,10^5,23.875,1,noCFS_Cat_ctrl,12,0.447568185
PY1,10^5,23.875,2,CFS_Cat,1,1
PY1,10^5,23.875,2,CFS_Cat,2,1
PY1,10^5,23.875,2,CFS_Cat,3,1
PY1,10^5,23.875,2,CFS_Cat,4,1
PY1,10^5,23.875,2,CFS_Cat,5,0.90925032
PY1,10^5,23.875,2,CFS_Cat,6,1
PY1,10^5,23.875,2,CFS_Cat,7,0.949148776
PY1,10^5,23.875,2,CFS_Cat,8,0.858359432
PY1,10^5,23.875,2,CFS_Cat,9,1
PY1,10^5,23.875,2,CFS_Cat,10,1
PY1,10^5,23.875,2,CFS_Cat,11,1
PY1,10^5,23.875,2,CFS_Cat,12,1
PY1,10^5,23.875,2,noCFS_Cat_ctrl,1,0.301002428
PY1,10^5,23.875,2,noCFS_Cat_ctrl,2,0.297745411
PY1,10^5,23.875,2,noCFS_Cat_ctrl,3,0.388941882
PY1,10^5,23.875,2,noCFS_Cat_ctrl,4,0.27535342
PY1,10^5,23.875,2,noCFS_Cat_ctrl,5,0.294488394
PY1,10^5,23.875,2,noCFS_Cat_ctrl,6,0.349450553
PY1,10^5,23.875,2,noCFS_Cat_ctrl,7,0.360442985
PY1,10^5,23.875,2,noCFS_Cat_ctrl,8,0.320137402
PY1,10^5,23.875,2,noCFS_Cat_ctrl,9,0.315251876
PY1,10^5,23.875,2,noCFS_Cat_ctrl,10,0.318101766
PY1,10^5,23.875,2,noCFS_Cat_ctrl,11,0.314844749
PY1,10^5,23.875,2,noCFS_Cat_ctrl,12,0.315251876
PY1,10^5,23.875,3,CFS_Cat,1,1
PY1,10^5,23.875,3,CFS_Cat,2,1
PY1,10^5,23.875,3,CFS_Cat,3,1
PY1,10^5,23.875,3,CFS_Cat,4,0.938477779
PY1,10^5,23.875,3,CFS_Cat,5,0.849935918
PY1,10^5,23.875,3,CFS_Cat,6,0.965497595
PY1,10^5,23.875,3,CFS_Cat,7,1
PY1,10^5,23.875,3,CFS_Cat,8,0.941387605
PY1,10^5,23.875,3,CFS_Cat,9,1
PY1,10^5,23.875,3,CFS_Cat,10,1
PY1,10^5,23.875,3,CFS_Cat,11,1
PY1,10^5,23.875,3,CFS_Cat,12,1
PY1,10^5,23.875,3,noCFS_Cat_ctrl,1,0.42801109
PY1,10^5,23.875,3,noCFS_Cat_ctrl,2,0.437156258
PY1,10^5,23.875,3,noCFS_Cat_ctrl,3,0.376049904
PY1,10^5,23.875,3,noCFS_Cat_ctrl,4,0.404316789
PY1,10^5,23.875,3,noCFS_Cat_ctrl,5,0.432167985
PY1,10^5,23.875,3,noCFS_Cat_ctrl,6,0.381869557
PY1,10^5,23.875,3,noCFS_Cat_ctrl,7,0.447548496
PY1,10^5,23.875,3,noCFS_Cat_ctrl,8,0.407226615
PY1,10^5,23.875,3,noCFS_Cat_ctrl,9,0.374802836
PY1,10^5,23.875,3,noCFS_Cat_ctrl,10,0.381453867
PY1,10^5,23.875,3,noCFS_Cat_ctrl,11,0.433830743
PY1,10^5,23.875,3,noCFS_Cat_ctrl,12,0.335728024
PY1,10^3,20.79166667,1,CFS_Cat,1,0.497054245
PY1,10^3,20.79166667,1,CFS_Cat,2,0.516086672
PY1,10^3,20.79166667,1,CFS_Cat,3,0.434458707
PY1,10^3,20.79166667,1,CFS_Cat,4,0.444186392
PY1,10^3,20.79166667,1,CFS_Cat,5,0.464064705
PY1,10^3,20.79166667,1,CFS_Cat,6,0.438265192
PY1,10^3,20.79166667,1,CFS_Cat,7,0.428114564
PY1,10^3,20.79166667,1,CFS_Cat,8,0.474215332
PY1,10^3,20.79166667,1,CFS_Cat,9,0.440379906
PY1,10^3,20.79166667,1,CFS_Cat,10,0.467025304
PY1,10^3,20.79166667,1,CFS_Cat,11,0.477598875
PY1,10^3,20.79166667,1,CFS_Cat,12,0.493670702
PY1,10^3,20.79166667,2,CFS_Cat,1,0.37059434
PY1,10^3,20.79166667,2,CFS_Cat,2,0.413734508
PY1,10^3,20.79166667,2,CFS_Cat,3,0.406967423
PY1,10^3,20.79166667,2,CFS_Cat,4,0.358751941
PY1,10^3,20.79166667,2,CFS_Cat,5,0.396393853
PY1,10^3,20.79166667,2,CFS_Cat,6,0.389626767
PY1,10^3,20.79166667,2,CFS_Cat,7,0.358751941
PY1,10^3,20.79166667,2,CFS_Cat,8,0.369748455
PY1,10^3,20.79166667,2,CFS_Cat,9,0.335490086
PY1,10^3,20.79166667,2,CFS_Cat,10,0.389626767
PY1,10^3,20.79166667,2,CFS_Cat,11,0.388357939
PY1,10^3,20.79166667,2,CFS_Cat,12,0.368902569
PY1,10^3,20.79166667,3,CFS_Cat,1,0.473792389
PY1,10^3,20.79166667,3,CFS_Cat,2,0.485634789
PY1,10^3,20.79166667,3,CFS_Cat,3,0.462372933
PY1,10^3,20.79166667,3,CFS_Cat,4,0.527083185
PY1,10^3,20.79166667,3,CFS_Cat,5,0.482251246
PY1,10^3,20.79166667,3,CFS_Cat,6,0.444609335
PY1,10^3,20.79166667,3,CFS_Cat,7,0.405275652
PY1,10^3,20.79166667,3,CFS_Cat,8,0.436573421
PY1,10^3,20.79166667,3,CFS_Cat,9,0.40950508
PY1,10^3,20.79166667,3,CFS_Cat,10,0.489441274
PY1,10^3,20.79166667,3,CFS_Cat,11,0.440802849
PY1,10^3,20.79166667,3,CFS_Cat,12,0.46194999
PY1,10^3,23.875,1,CFS_Cat,1,0.923851613
PY1,10^3,23.875,1,CFS_Cat,2,0.951519693
PY1,10^3,23.875,1,CFS_Cat,3,0.818061893
PY1,10^3,23.875,1,CFS_Cat,4,0.858343363
PY1,10^3,23.875,1,CFS_Cat,5,0.840033604
PY1,10^3,23.875,1,CFS_Cat,6,0.815213708
PY1,10^3,23.875,1,CFS_Cat,7,0.803007202
PY1,10^3,23.875,1,CFS_Cat,8,0.851426343
PY1,10^3,23.875,1,CFS_Cat,9,0.81887566
PY1,10^3,23.875,1,CFS_Cat,10,0.878280656
PY1,10^3,23.875,1,CFS_Cat,11,0.889266512
PY1,10^3,23.875,1,CFS_Cat,12,0.977967124
PY1,10^3,23.875,1,noCFS_Cat_ctrl,1,0
PY1,10^3,23.875,1,noCFS_Cat_ctrl,2,0
PY1,10^3,23.875,1,noCFS_Cat_ctrl,3,0
PY1,10^3,23.875,1,noCFS_Cat_ctrl,4,0
PY1,10^3,23.875,1,noCFS_Cat_ctrl,5,0
PY1,10^3,23.875,1,noCFS_Cat_ctrl,6,0
PY1,10^3,23.875,1,noCFS_Cat_ctrl,7,0
PY1,10^3,23.875,1,noCFS_Cat_ctrl,8,0
PY1,10^3,23.875,1,noCFS_Cat_ctrl,9,0
PY1,10^3,23.875,1,noCFS_Cat_ctrl,10,0
PY1,10^3,23.875,1,noCFS_Cat_ctrl,11,0
PY1,10^3,23.875,1,noCFS_Cat_ctrl,12,0
PY1,10^3,23.875,2,CFS_Cat,1,0.795683298
PY1,10^3,23.875,2,CFS_Cat,2,0.890894046
PY1,10^3,23.875,2,CFS_Cat,3,0.81317929
PY1,10^3,23.875,2,CFS_Cat,4,0.767608334
PY1,10^3,23.875,2,CFS_Cat,5,0.763132615
PY1,10^3,23.875,2,CFS_Cat,6,0.79364888
PY1,10^3,23.875,2,CFS_Cat,7,0.699251899
PY1,10^3,23.875,2,CFS_Cat,8,0.748484807
PY1,10^3,23.875,2,CFS_Cat,9,0.688672927
PY1,10^3,23.875,2,CFS_Cat,10,0.776966655
PY1,10^3,23.875,2,CFS_Cat,11,0.810737989
PY1,10^3,23.875,2,CFS_Cat,12,0.790393812
PY1,10^3,23.875,2,noCFS_Cat_ctrl,1,0
PY1,10^3,23.875,2,noCFS_Cat_ctrl,2,0
PY1,10^3,23.875,2,noCFS_Cat_ctrl,3,0
PY1,10^3,23.875,2,noCFS_Cat_ctrl,4,0
PY1,10^3,23.875,2,noCFS_Cat_ctrl,5,0
PY1,10^3,23.875,2,noCFS_Cat_ctrl,6,0
PY1,10^3,23.875,2,noCFS_Cat_ctrl,7,0
PY1,10^3,23.875,2,noCFS_Cat_ctrl,8,0
PY1,10^3,23.875,2,noCFS_Cat_ctrl,9,0
PY1,10^3,23.875,2,noCFS_Cat_ctrl,10,0
PY1,10^3,23.875,2,noCFS_Cat_ctrl,11,0
PY1,10^3,23.875,2,noCFS_Cat_ctrl,12,0
PY1,10^3,23.875,3,CFS_Cat,1,0.915918129
PY1,10^3,23.875,3,CFS_Cat,2,0.939771989
PY1,10^3,23.875,3,CFS_Cat,3,0.90910274
PY1,10^3,23.875,3,CFS_Cat,4,0.958940269
PY1,10^3,23.875,3,CFS_Cat,5,0.85883925
PY1,10^3,23.875,3,CFS_Cat,6,0.902287352
PY1,10^3,23.875,3,CFS_Cat,7,0.832003658
PY1,10^3,23.875,3,CFS_Cat,8,0.877581568
PY1,10^3,23.875,3,CFS_Cat,9,0.908676779
PY1,10^3,23.875,3,CFS_Cat,10,0.998554715
PY1,10^3,23.875,3,CFS_Cat,11,0.937216218
PY1,10^3,23.875,3,CFS_Cat,12,1
PY1,10^3,23.875,3,noCFS_Cat_ctrl,1,0
PY1,10^3,23.875,3,noCFS_Cat_ctrl,2,0
PY1,10^3,23.875,3,noCFS_Cat_ctrl,3,0
PY1,10^3,23.875,3,noCFS_Cat_ctrl,4,0
PY1,10^3,23.875,3,noCFS_Cat_ctrl,5,0
PY1,10^3,23.875,3,noCFS_Cat_ctrl,6,0
PY1,10^3,23.875,3,noCFS_Cat_ctrl,7,0
PY1,10^3,23.875,3,noCFS_Cat_ctrl,8,0
PY1,10^3,23.875,3,noCFS_Cat_ctrl,9,0
PY1,10^3,23.875,3,noCFS_Cat_ctrl,10,0
PY1,10^3,23.875,3,noCFS_Cat_ctrl,11,0
PY1,10^3,23.875,3,noCFS_Cat_ctrl,12,0
PY1,10^3,25.875,1,CFS_Cat,1,1
PY1,10^3,25.875,1,CFS_Cat,2,1
PY1,10^3,25.875,1,CFS_Cat,3,0.972524347
PY1,10^3,25.875,1,CFS_Cat,4,0.919024276
PY1,10^3,25.875,1,CFS_Cat,5,0.885538619
PY1,10^3,25.875,1,CFS_Cat,6,0.889387545
PY1,10^3,25.875,1,CFS_Cat,7,0.855901889
PY1,10^3,25.875,1,CFS_Cat,8,0.837427044
PY1,10^3,25.875,1,CFS_Cat,9,0.880150123
PY1,10^3,25.875,1,CFS_Cat,10,0.940578261
PY1,10^3,25.875,1,CFS_Cat,11,0.91671492
PY1,10^3,25.875,1,CFS_Cat,12,0.960977569
PY1,10^3,25.875,2,CFS_Cat,1,0.922488309
PY1,10^3,25.875,2,CFS_Cat,2,0.959053106
PY1,10^3,25.875,2,CFS_Cat,3,0.987150266
PY1,10^3,25.875,2,CFS_Cat,4,0.875531412
PY1,10^3,25.875,2,CFS_Cat,5,0.832038548
PY1,10^3,25.875,2,CFS_Cat,6,0.941732939
PY1,10^3,25.875,2,CFS_Cat,7,0.806250743
PY1,10^3,25.875,2,CFS_Cat,8,0.79393418
PY1,10^3,25.875,2,CFS_Cat,9,0.890157331
PY1,10^3,25.875,2,CFS_Cat,10,0.890542223
PY1,10^3,25.875,2,CFS_Cat,11,0.890542223
PY1,10^3,25.875,2,CFS_Cat,12,0.969060314
PY1,10^3,25.875,3,CFS_Cat,1,0.964826495
PY1,10^3,25.875,3,CFS_Cat,2,0.939038691
PY1,10^3,25.875,3,CFS_Cat,3,0.996002796
PY1,10^3,25.875,3,CFS_Cat,4,0.936729335
PY1,10^3,25.875,3,CFS_Cat,5,0.8293443
PY1,10^3,25.875,3,CFS_Cat,6,0.930571054
PY1,10^3,25.875,3,CFS_Cat,7,0.857056567
PY1,10^3,25.875,3,CFS_Cat,8,0.813948595
PY1,10^3,25.875,3,CFS_Cat,9,0.900934323
PY1,10^3,25.875,3,CFS_Cat,10,0.97444881
PY1,10^3,25.875,3,CFS_Cat,11,0.844355111
PY1,10^3,25.875,3,CFS_Cat,12,0.979452414
PY1,10^5,25.875,1,noCFS_Cat_ctrl,1,0.688905327
PY1,10^5,25.875,1,noCFS_Cat_ctrl,2,0.555820918
PY1,10^5,25.875,1,noCFS_Cat_ctrl,3,0.549612899
PY1,10^5,25.875,1,noCFS_Cat_ctrl,4,0.543016879
PY1,10^5,25.875,1,noCFS_Cat_ctrl,5,0.471236659
PY1,10^5,25.875,1,noCFS_Cat_ctrl,6,0.471236659
PY1,10^5,25.875,1,noCFS_Cat_ctrl,7,0.602381061
PY1,10^5,25.875,1,noCFS_Cat_ctrl,8,0.529048836
PY1,10^5,25.875,1,noCFS_Cat_ctrl,9,0.468908651
PY1,10^5,25.875,1,noCFS_Cat_ctrl,10,0.680369301
PY1,10^5,25.875,1,noCFS_Cat_ctrl,11,0.570952965
PY1,10^5,25.875,1,noCFS_Cat_ctrl,12,0.555044916
PY1,10^5,25.875,2,noCFS_Cat_ctrl,1,0.366476337
PY1,10^5,25.875,2,noCFS_Cat_ctrl,2,0.363372327
PY1,10^5,25.875,2,noCFS_Cat_ctrl,3,0.546896891
PY1,10^5,25.875,2,noCFS_Cat_ctrl,4,0.325736212
PY1,10^5,25.875,2,noCFS_Cat_ctrl,5,0.36764034
PY1,10^5,25.875,2,noCFS_Cat_ctrl,6,0.472788663
PY1,10^5,25.875,2,noCFS_Cat_ctrl,7,0.410708473
PY1,10^5,25.875,2,noCFS_Cat_ctrl,8,0.368416343
PY1,10^5,25.875,2,noCFS_Cat_ctrl,9,0.449120591
PY1,10^5,25.875,2,noCFS_Cat_ctrl,10,0.398292435
PY1,10^5,25.875,2,noCFS_Cat_ctrl,11,0.431272536
PY1,10^5,25.875,2,noCFS_Cat_ctrl,12,0.480936688
PY1,10^5,25.875,3,noCFS_Cat_ctrl,1,0.539524868
PY1,10^5,25.875,3,noCFS_Cat_ctrl,2,0.50421676
PY1,10^5,25.875,3,noCFS_Cat_ctrl,3,0.512364785
PY1,10^5,25.875,3,noCFS_Cat_ctrl,4,0.485980704
PY1,10^5,25.875,3,noCFS_Cat_ctrl,5,0.466968645
PY1,10^5,25.875,3,noCFS_Cat_ctrl,6,0.498396742
PY1,10^5,25.875,3,noCFS_Cat_ctrl,7,0.541852875
PY1,10^5,25.875,3,noCFS_Cat_ctrl,8,0.505380763
PY1,10^5,25.875,3,noCFS_Cat_ctrl,9,0.547284892
PY1,10^5,25.875,3,noCFS_Cat_ctrl,10,0.448732589
PY1,10^5,25.875,3,noCFS_Cat_ctrl,11,0.511200781
PY1,10^5,25.875,3,noCFS_Cat_ctrl,12,0.424288514
PY1,10^1,25.875,1,CFS_Cat,1,0.150098979
PY1,10^1,25.875,1,CFS_Cat,2,0.12138927
PY1,10^1,25.875,1,CFS_Cat,3,0.147268444
PY1,10^1,25.875,1,CFS_Cat,4,0.245124074
PY1,10^1,25.875,1,CFS_Cat,5,0.201048604
PY1,10^1,25.875,1,CFS_Cat,6,0.163847291
PY1,10^1,25.875,1,CFS_Cat,7,0.242697901
PY1,10^1,25.875,1,CFS_Cat,8,0.184065396
PY1,10^1,25.875,1,CFS_Cat,9,0.16182548
PY1,10^1,25.875,1,CFS_Cat,10,0.230567038
PY1,10^1,25.875,1,CFS_Cat,11,0.194578811
PY1,10^1,25.875,1,CFS_Cat,12,0.193365724
PY1,10^1,25.875,2,CFS_Cat,1,0.077718162
PY1,10^1,25.875,2,CFS_Cat,2,0.10804532
PY1,10^1,25.875,2,CFS_Cat,3,0.14645972
PY1,10^1,25.875,2,CFS_Cat,4,0.124624166
PY1,10^1,25.875,2,CFS_Cat,5,0.078526886
PY1,10^1,25.875,2,CFS_Cat,6,0.190939552
PY1,10^1,25.875,2,CFS_Cat,7,0.143629185
PY1,10^1,25.875,2,CFS_Cat,8,0.076505076
PY1,10^1,25.875,2,CFS_Cat,9,0.116941286
PY1,10^1,25.875,2,CFS_Cat,10,0.099553716
PY1,10^1,25.875,2,CFS_Cat,11,0.116536924
PY1,10^1,25.875,2,CFS_Cat,12,0.118558735
PY1,10^1,25.875,3,CFS_Cat,1,0.218031813
PY1,10^1,25.875,3,CFS_Cat,2,0.27140761
PY1,10^1,25.875,3,CFS_Cat,3,0.15212079
PY1,10^1,25.875,3,CFS_Cat,4,0.15212079
PY1,10^1,25.875,3,CFS_Cat,5,0.116132562
PY1,10^1,25.875,3,CFS_Cat,6,0.074887628
PY1,10^1,25.875,3,CFS_Cat,7,0.278686128
PY1,10^1,25.875,3,CFS_Cat,8,0.135137581
PY1,10^1,25.875,3,CFS_Cat,9,0.106832234
PY1,10^1,25.875,3,CFS_Cat,10,0.205900949
PY1,10^1,25.875,3,CFS_Cat,11,0.204283501
PY1,10^1,25.875,3,CFS_Cat,12,0.173147619
PY1,10^0,25.875,1,CFS_Cat,1,0.091516116
PY1,10^0,25.875,1,CFS_Cat,2,0.090306383
PY1,10^0,25.875,1,CFS_Cat,3,0.100387491
PY1,10^0,25.875,1,CFS_Cat,4,0.095145315
PY1,10^0,25.875,1,CFS_Cat,5,0.09474207
PY1,10^0,25.875,1,CFS_Cat,6,0.093532337
PY1,10^0,25.875,1,CFS_Cat,7,0.093935582
PY1,10^0,25.875,1,CFS_Cat,8,0.095145315
PY1,10^0,25.875,1,CFS_Cat,9,0.097161536
PY1,10^0,25.875,1,CFS_Cat,10,0.096758292
PY1,10^0,25.875,1,CFS_Cat,11,0.097161536
PY1,10^0,25.875,1,CFS_Cat,12,0.094338826
PY1,10^0,25.875,2,CFS_Cat,1,0.093129093
PY1,10^0,25.875,2,CFS_Cat,2,0.092322604
PY1,10^0,25.875,2,CFS_Cat,3,0.092322604
PY1,10^0,25.875,2,CFS_Cat,4,0.098774514
PY1,10^0,25.875,2,CFS_Cat,5,0.089903138
PY1,10^0,25.875,2,CFS_Cat,6,0.096355048
PY1,10^0,25.875,2,CFS_Cat,7,0.093935582
PY1,10^0,25.875,2,CFS_Cat,8,0.096758292
PY1,10^0,25.875,2,CFS_Cat,9,0.095951803
PY1,10^0,25.875,2,CFS_Cat,10,0.092322604
PY1,10^0,25.875,2,CFS_Cat,11,0.096758292
PY1,10^0,25.875,2,CFS_Cat,12,0.099177758
PY1,10^0,25.875,3,CFS_Cat,1,0.09191936
PY1,10^0,25.875,3,CFS_Cat,2,0.09474207
PY1,10^0,25.875,3,CFS_Cat,3,0.089903138
PY1,10^0,25.875,3,CFS_Cat,4,0.094338826
PY1,10^0,25.875,3,CFS_Cat,5,0.089499894
PY1,10^0,25.875,3,CFS_Cat,6,0.090709627
PY1,10^0,25.875,3,CFS_Cat,7,0.092725849
PY1,10^0,25.875,3,CFS_Cat,8,0.090709627
PY1,10^0,25.875,3,CFS_Cat,9,0.092725849
PY1,10^0,25.875,3,CFS_Cat,10,0.094338826
PY1,10^0,25.875,3,CFS_Cat,11,0.086677184
PY1,10^0,25.875,3,CFS_Cat,12,0.093532337
PY1,10^1,28.75,1,CFS_Cat,1,0.283113108
PY1,10^1,28.75,1,CFS_Cat,2,0.223093041
PY1,10^1,28.75,1,CFS_Cat,3,0.283877695
PY1,10^1,28.75,1,CFS_Cat,4,0.449410744
PY1,10^1,28.75,1,CFS_Cat,5,0.355748857
PY1,10^1,28.75,1,CFS_Cat,6,0.268968252
PY1,10^1,28.75,1,CFS_Cat,7,0.476553577
PY1,10^1,28.75,1,CFS_Cat,8,0.335105013
PY1,10^1,28.75,1,CFS_Cat,9,0.302992366
PY1,10^1,28.75,1,CFS_Cat,10,0.50828393
PY1,10^1,28.75,1,CFS_Cat,11,0.401241774
PY1,10^1,28.75,1,CFS_Cat,12,0.35154363
PY1,10^1,28.75,2,CFS_Cat,1,0.098847681
PY1,10^1,28.75,2,CFS_Cat,2,0.218887814
PY1,10^1,28.75,2,CFS_Cat,3,0.269732838
PY1,10^1,28.75,2,CFS_Cat,4,0.220799281
PY1,10^1,28.75,2,CFS_Cat,5,0.093495573
PY1,10^1,28.75,2,CFS_Cat,6,0.41653351
PY1,10^1,28.75,2,CFS_Cat,7,0.278525587
PY1,10^1,28.75,2,CFS_Cat,8,0.098847681
PY1,10^1,28.75,2,CFS_Cat,9,0.21735864
PY1,10^1,28.75,2,CFS_Cat,10,0.177217831
PY1,10^1,28.75,2,CFS_Cat,11,0.213917999
PY1,10^1,28.75,2,CFS_Cat,12,0.247942114
PY1,10^1,28.75,3,CFS_Cat,1,0.493756781
PY1,10^1,28.75,3,CFS_Cat,2,0.599269764
PY1,10^1,28.75,3,CFS_Cat,3,0.340839414
PY1,10^1,28.75,3,CFS_Cat,4,0.329752905
PY1,10^1,28.75,3,CFS_Cat,5,0.250618168
PY1,10^1,28.75,3,CFS_Cat,6,0.102670615
PY1,10^1,28.75,3,CFS_Cat,7,0.666171112
PY1,10^1,28.75,3,CFS_Cat,8,0.270497425
PY1,10^1,28.75,3,CFS_Cat,9,0.210095065
PY1,10^1,28.75,3,CFS_Cat,10,0.403153241
PY1,10^1,28.75,3,CFS_Cat,11,0.388626091
PY1,10^1,28.75,3,CFS_Cat,12,0.448646157
PY1,10^3,28.75,1,CFS_Cat,1,1
PY1,10^3,28.75,1,CFS_Cat,2,0.896785024
PY1,10^3,28.75,1,CFS_Cat,3,0.914734862
PY1,10^3,28.75,1,CFS_Cat,4,0.885566376
PY1,10^3,28.75,1,CFS_Cat,5,0.728505299
PY1,10^3,28.75,1,CFS_Cat,6,0.824985675
PY1,10^3,28.75,1,CFS_Cat,7,0.85789371
PY1,10^3,28.75,1,CFS_Cat,8,0.765900793
PY1,10^3,28.75,1,CFS_Cat,9,0.934928429
PY1,10^3,28.75,1,CFS_Cat,10,0.996630995
PY1,10^3,28.75,1,CFS_Cat,11,0.931936789
PY1,10^3,28.75,1,CFS_Cat,12,1
PY1,10^3,28.75,2,CFS_Cat,1,0.968210419
PY1,10^3,28.75,2,CFS_Cat,2,0.89267152
PY1,10^3,28.75,2,CFS_Cat,3,1
PY1,10^3,28.75,2,CFS_Cat,4,0.864624899
PY1,10^3,28.75,2,CFS_Cat,5,0.764404974
PY1,10^3,28.75,2,CFS_Cat,6,0.938667978
PY1,10^3,28.75,2,CFS_Cat,7,0.808157702
PY1,10^3,28.75,2,CFS_Cat,8,0.85864162
PY1,10^3,28.75,2,CFS_Cat,9,0.946894987
PY1,10^3,28.75,2,CFS_Cat,10,0.973071833
PY1,10^3,28.75,2,CFS_Cat,11,0.931562834
PY1,10^3,28.75,2,CFS_Cat,12,1
PY1,10^3,28.75,3,CFS_Cat,1,1
PY1,10^3,28.75,3,CFS_Cat,2,0.977559292
PY1,10^3,28.75,3,CFS_Cat,3,1
PY1,10^3,28.75,3,CFS_Cat,4,0.987656076
PY1,10^3,28.75,3,CFS_Cat,5,0.875469592
PY1,10^3,28.75,3,CFS_Cat,6,0.975689518
PY1,10^3,28.75,3,CFS_Cat,7,0.879583097
PY1,10^3,28.75,3,CFS_Cat,8,0.804418153
PY1,10^3,28.75,3,CFS_Cat,9,0.941285663
PY1,10^3,28.75,3,CFS_Cat,10,1
PY1,10^3,28.75,3,CFS_Cat,11,0.92595351
PY1,10^3,28.75,3,CFS_Cat,12,1
PY1,10^5,28.75,1,noCFS_Cat_ctrl,1,0.749128783
PY1,10^5,28.75,1,noCFS_Cat_ctrl,2,0.760979879
PY1,10^5,28.75,1,noCFS_Cat_ctrl,3,0.80914885
PY1,10^5,28.75,1,noCFS_Cat_ctrl,4,0.598122883
PY1,10^5,28.75,1,noCFS_Cat_ctrl,5,0.706694214
PY1,10^5,28.75,1,noCFS_Cat_ctrl,6,0.689108717
PY1,10^5,28.75,1,noCFS_Cat_ctrl,7,0.625265716
PY1,10^5,28.75,1,noCFS_Cat_ctrl,8,0.706694214
PY1,10^5,28.75,1,noCFS_Cat_ctrl,9,0.686814956
PY1,10^5,28.75,1,noCFS_Cat_ctrl,10,0.716251549
PY1,10^5,28.75,1,noCFS_Cat_ctrl,11,0.758303825
PY1,10^5,28.75,1,noCFS_Cat_ctrl,12,0.79806234
PY1,10^5,28.75,2,noCFS_Cat_ctrl,1,0.646674147
PY1,10^5,28.75,2,noCFS_Cat_ctrl,2,0.634823051
PY1,10^5,28.75,2,noCFS_Cat_ctrl,3,0.830174988
PY1,10^5,28.75,2,noCFS_Cat_ctrl,4,0.547277859
PY1,10^5,28.75,2,noCFS_Cat_ctrl,5,0.602710404
PY1,10^5,28.75,2,noCFS_Cat_ctrl,6,0.73421934
PY1,10^5,28.75,2,noCFS_Cat_ctrl,7,0.585889494
PY1,10^5,28.75,2,noCFS_Cat_ctrl,8,0.62794177
PY1,10^5,28.75,2,noCFS_Cat_ctrl,9,0.7365131
PY1,10^5,28.75,2,noCFS_Cat_ctrl,10,0.634058465
PY1,10^5,28.75,2,noCFS_Cat_ctrl,11,0.673052393
PY1,10^5,28.75,2,noCFS_Cat_ctrl,12,0.800738394
PY1,10^5,28.75,3,noCFS_Cat_ctrl,1,0.673052393
PY1,10^5,28.75,3,noCFS_Cat_ctrl,2,0.716633843
PY1,10^5,28.75,3,noCFS_Cat_ctrl,3,0.74874649
PY1,10^5,28.75,3,noCFS_Cat_ctrl,4,0.600416644
PY1,10^5,28.75,3,noCFS_Cat_ctrl,5,0.67152322
PY1,10^5,28.75,3,noCFS_Cat_ctrl,6,0.743776675
PY1,10^5,28.75,3,noCFS_Cat_ctrl,7,0.642851213
PY1,10^5,28.75,3,noCFS_Cat_ctrl,8,0.692549357
PY1,10^5,28.75,3,noCFS_Cat_ctrl,9,0.697136878
PY1,10^5,28.75,3,noCFS_Cat_ctrl,10,0.617619848
PY1,10^5,28.75,3,noCFS_Cat_ctrl,11,0.730778699
PY1,10^5,28.75,3,noCFS_Cat_ctrl,12,0.648967908
PY1,10^5,33.77083333,1,noCFS_Cat_ctrl,1,0.743991411
PY1,10^5,33.77083333,1,noCFS_Cat_ctrl,2,0.780892723
PY1,10^5,33.77083333,1,noCFS_Cat_ctrl,3,0.909857101
PY1,10^5,33.77083333,1,noCFS_Cat_ctrl,4,0.627581088
PY1,10^5,33.77083333,1,noCFS_Cat_ctrl,5,0.643558975
PY1,10^5,33.77083333,1,noCFS_Cat_ctrl,6,0.800294444
PY1,10^5,33.77083333,1,noCFS_Cat_ctrl,7,0.648504512
PY1,10^5,33.77083333,1,noCFS_Cat_ctrl,8,0.658015159
PY1,10^5,33.77083333,1,noCFS_Cat_ctrl,9,0.770240798
PY1,10^5,33.77083333,1,noCFS_Cat_ctrl,10,0.760349725
PY1,10^5,33.77083333,1,noCFS_Cat_ctrl,11,0.829587238
PY1,10^5,33.77083333,1,noCFS_Cat_ctrl,12,0.864966846
PY1,10^5,33.77083333,2,noCFS_Cat_ctrl,1,0.650787067
PY1,10^5,33.77083333,2,noCFS_Cat_ctrl,2,0.694536045
PY1,10^5,33.77083333,2,noCFS_Cat_ctrl,3,0.791544648
PY1,10^5,33.77083333,2,noCFS_Cat_ctrl,4,0.559865279
PY1,10^5,33.77083333,2,noCFS_Cat_ctrl,5,0.627200662
PY1,10^5,33.77083333,2,noCFS_Cat_ctrl,6,0.781273149
PY1,10^5,33.77083333,2,noCFS_Cat_ctrl,7,0.609320645
PY1,10^5,33.77083333,2,noCFS_Cat_ctrl,8,0.622255125
PY1,10^5,33.77083333,2,noCFS_Cat_ctrl,9,0.807902962
PY1,10^5,33.77083333,2,noCFS_Cat_ctrl,10,0.676656028
PY1,10^5,33.77083333,2,noCFS_Cat_ctrl,11,0.755784614
PY1,10^5,33.77083333,2,noCFS_Cat_ctrl,12,0.880183882
PY1,10^5,33.77083333,3,noCFS_Cat_ctrl,1,0.724970117
PY1,10^5,33.77083333,3,noCFS_Cat_ctrl,2,0.741708856
PY1,10^5,33.77083333,3,noCFS_Cat_ctrl,3,0.901107306
PY1,10^5,33.77083333,3,noCFS_Cat_ctrl,4,0.599429572
PY1,10^5,33.77083333,3,noCFS_Cat_ctrl,5,0.674753899
PY1,10^5,33.77083333,3,noCFS_Cat_ctrl,6,0.784696982
PY1,10^5,33.77083333,3,noCFS_Cat_ctrl,7,0.55606102
PY1,10^5,33.77083333,3,noCFS_Cat_ctrl,8,0.627961514
PY1,10^5,33.77083333,3,noCFS_Cat_ctrl,9,0.755784614
PY1,10^5,33.77083333,3,noCFS_Cat_ctrl,10,0.679699435
PY1,10^5,33.77083333,3,noCFS_Cat_ctrl,11,0.712035636
PY1,10^5,33.77083333,3,noCFS_Cat_ctrl,12,0.858880031
PY1,10^3,33.77083333,1,noCFS_Cat_ctrl,1,0
PY1,10^3,33.77083333,1,noCFS_Cat_ctrl,2,0
PY1,10^3,33.77083333,1,noCFS_Cat_ctrl,3,0.468879161
PY1,10^3,33.77083333,1,noCFS_Cat_ctrl,4,0
PY1,10^3,33.77083333,1,noCFS_Cat_ctrl,5,0
PY1,10^3,33.77083333,1,noCFS_Cat_ctrl,6,0.354122061
PY1,10^3,33.77083333,1,noCFS_Cat_ctrl,7,0
PY1,10^3,33.77083333,1,noCFS_Cat_ctrl,8,0
PY1,10^3,33.77083333,1,noCFS_Cat_ctrl,9,0.26231638
PY1,10^3,33.77083333,1,noCFS_Cat_ctrl,10,0
PY1,10^3,33.77083333,1,noCFS_Cat_ctrl,11,0
PY1,10^3,33.77083333,1,noCFS_Cat_ctrl,12,0
PY1,10^3,33.77083333,2,noCFS_Cat_ctrl,1,0.292189657
PY1,10^3,33.77083333,2,noCFS_Cat_ctrl,2,0
PY1,10^3,33.77083333,2,noCFS_Cat_ctrl,3,0.2058486
PY1,10^3,33.77083333,2,noCFS_Cat_ctrl,4,0.213134766
PY1,10^3,33.77083333,2,noCFS_Cat_ctrl,5,0
PY1,10^3,33.77083333,2,noCFS_Cat_ctrl,6,0
PY1,10^3,33.77083333,2,noCFS_Cat_ctrl,7,0.280531793
PY1,10^3,33.77083333,2,noCFS_Cat_ctrl,8,0.212041841
PY1,10^3,33.77083333,2,noCFS_Cat_ctrl,9,0
PY1,10^3,33.77083333,2,noCFS_Cat_ctrl,10,0
PY1,10^3,33.77083333,2,noCFS_Cat_ctrl,11,0
PY1,10^3,33.77083333,2,noCFS_Cat_ctrl,12,0
PY1,10^3,33.77083333,3,noCFS_Cat_ctrl,1,0
PY1,10^3,33.77083333,3,noCFS_Cat_ctrl,2,0
PY1,10^3,33.77083333,3,noCFS_Cat_ctrl,3,0
PY1,10^3,33.77083333,3,noCFS_Cat_ctrl,4,0
PY1,10^3,33.77083333,3,noCFS_Cat_ctrl,5,0.335542339
PY1,10^3,33.77083333,3,noCFS_Cat_ctrl,6,0
PY1,10^3,33.77083333,3,noCFS_Cat_ctrl,7,0
PY1,10^3,33.77083333,3,noCFS_Cat_ctrl,8,0
PY1,10^3,33.77083333,3,noCFS_Cat_ctrl,9,0
PY1,10^3,33.77083333,3,noCFS_Cat_ctrl,10,0.14537343
PY1,10^3,33.77083333,3,noCFS_Cat_ctrl,11,0
PY1,10^3,33.77083333,3,noCFS_Cat_ctrl,12,0
PY1,10^1,33.77083333,1,CFS_Cat,1,0.628734422
PY1,10^1,33.77083333,1,CFS_Cat,2,0.565335227
PY1,10^1,33.77083333,1,CFS_Cat,3,0.722375763
PY1,10^1,33.77083333,1,CFS_Cat,4,0.769742978
PY1,10^1,33.77083333,1,CFS_Cat,5,0.743873191
PY1,10^1,33.77083333,1,CFS_Cat,6,0.67755909
PY1,10^1,33.77083333,1,CFS_Cat,7,0.820753824
PY1,10^1,33.77083333,1,CFS_Cat,8,0.698327792
PY1,10^1,33.77083333,1,CFS_Cat,9,0.750067365
PY1,10^1,33.77083333,1,CFS_Cat,10,0.927876603
PY1,10^1,33.77083333,1,CFS_Cat,11,0.797798943
PY1,10^1,33.77083333,1,CFS_Cat,12,0.871764671
PY1,10^1,33.77083333,2,CFS_Cat,1,0.073809282
PY1,10^1,33.77083333,2,CFS_Cat,2,0.496834947
PY1,10^1,33.77083333,2,CFS_Cat,3,0.626912606
PY1,10^1,33.77083333,2,CFS_Cat,4,0.553311242
PY1,10^1,33.77083333,2,CFS_Cat,5,0.072351829
PY1,10^1,33.77083333,2,CFS_Cat,6,0.880873751
PY1,10^1,33.77083333,2,CFS_Cat,7,0.566063953
PY1,10^1,33.77083333,2,CFS_Cat,8,0.073809282
PY1,10^1,33.77083333,2,CFS_Cat,9,0.566063953
PY1,10^1,33.77083333,2,CFS_Cat,10,0.501936032
PY1,10^1,33.77083333,2,CFS_Cat,11,0.553311242
PY1,10^1,33.77083333,2,CFS_Cat,12,0.774115336
PY1,10^1,33.77083333,3,CFS_Cat,1,0.932977687
PY1,10^1,33.77083333,3,CFS_Cat,2,0.942086767
PY1,10^1,33.77083333,3,CFS_Cat,3,0.795977127
PY1,10^1,33.77083333,3,CFS_Cat,4,0.705615056
PY1,10^1,33.77083333,3,CFS_Cat,5,0.615252984
PY1,10^1,33.77083333,3,CFS_Cat,6,0.073080555
PY1,10^1,33.77083333,3,CFS_Cat,7,0.907472264
PY1,10^1,33.77083333,3,CFS_Cat,8,0.559869779
PY1,10^1,33.77083333,3,CFS_Cat,9,0.442544832
PY1,10^1,33.77083333,3,CFS_Cat,10,0.824397456
PY1,10^1,33.77083333,3,CFS_Cat,11,0.818932008
PY1,10^1,33.77083333,3,CFS_Cat,12,0.932613324
PY1,10^0,33.77083333,1,CFS_Cat,1,0.10263724
PY1,10^0,33.77083333,1,CFS_Cat,2,0.089264435
PY1,10^0,33.77083333,1,CFS_Cat,3,0.078251536
PY1,10^0,33.77083333,1,CFS_Cat,4,0.078251536
PY1,10^0,33.77083333,1,CFS_Cat,5,0.084151303
PY1,10^0,33.77083333,1,CFS_Cat,6,0.069205227
PY1,10^0,33.77083333,1,CFS_Cat,7,0.073531722
PY1,10^0,33.77083333,1,CFS_Cat,8,0.074711676
PY1,10^0,33.77083333,1,CFS_Cat,9,0.078644854
PY1,10^0,33.77083333,1,CFS_Cat,10,0.081004761
PY1,10^0,33.77083333,1,CFS_Cat,11,0.078644854
PY1,10^0,33.77083333,1,CFS_Cat,12,0.080611443
PY1,10^0,33.77083333,2,CFS_Cat,1,0.093590931
PY1,10^0,33.77083333,2,CFS_Cat,2,0.086117892
PY1,10^0,33.77083333,2,CFS_Cat,3,0.084544621
PY1,10^0,33.77083333,2,CFS_Cat,4,0.07392504
PY1,10^0,33.77083333,2,CFS_Cat,5,0.078644854
PY1,10^0,33.77083333,2,CFS_Cat,6,0.084937939
PY1,10^0,33.77083333,2,CFS_Cat,7,0.072351769
PY1,10^0,33.77083333,2,CFS_Cat,8,0.073138405
PY1,10^0,33.77083333,2,CFS_Cat,9,0.073138405
PY1,10^0,33.77083333,2,CFS_Cat,10,0.087297846
PY1,10^0,33.77083333,2,CFS_Cat,11,0.07392504
PY1,10^0,33.77083333,2,CFS_Cat,12,0.087691164
PY1,10^0,33.77083333,3,CFS_Cat,1,0.086904528
PY1,10^0,33.77083333,3,CFS_Cat,2,0.081398079
PY1,10^0,33.77083333,3,CFS_Cat,3,0.071958451
PY1,10^0,33.77083333,3,CFS_Cat,4,0.08651121
PY1,10^0,33.77083333,3,CFS_Cat,5,0.073138405
PY1,10^0,33.77083333,3,CFS_Cat,6,0.080218125
PY1,10^0,33.77083333,3,CFS_Cat,7,0.081791396
PY1,10^0,33.77083333,3,CFS_Cat,8,0.069991862
PY1,10^0,33.77083333,3,CFS_Cat,9,0.078644854
PY1,10^0,33.77083333,3,CFS_Cat,10,0.077464901
PY1,10^0,33.77083333,3,CFS_Cat,11,0.07392504
PY1,10^0,33.77083333,3,CFS_Cat,12,0.072745087
PY1,10^1,37.64583333,1,CFS_Cat,1,0.881949049
PY1,10^1,37.64583333,1,CFS_Cat,2,0.83801455
PY1,10^1,37.64583333,1,CFS_Cat,3,0.888326637
PY1,10^1,37.64583333,1,CFS_Cat,4,1
PY1,10^1,37.64583333,1,CFS_Cat,5,0.902144746
PY1,10^1,37.64583333,1,CFS_Cat,6,0.802937814
PY1,10^1,37.64583333,1,CFS_Cat,7,0.994265468
PY1,10^1,37.64583333,1,CFS_Cat,8,0.824550752
PY1,10^1,37.64583333,1,CFS_Cat,9,0.808961092
PY1,10^1,37.64583333,1,CFS_Cat,10,1
PY1,10^1,37.64583333,1,CFS_Cat,11,0.997099952
PY1,10^1,37.64583333,1,CFS_Cat,12,0.920923201
PY1,10^1,37.64583333,1,noCFS_Cat_ctrl,1,0
PY1,10^1,37.64583333,1,noCFS_Cat_ctrl,2,0
PY1,10^1,37.64583333,1,noCFS_Cat_ctrl,3,0
PY1,10^1,37.64583333,1,noCFS_Cat_ctrl,4,0
PY1,10^1,37.64583333,1,noCFS_Cat_ctrl,5,0
PY1,10^1,37.64583333,1,noCFS_Cat_ctrl,6,0
PY1,10^1,37.64583333,1,noCFS_Cat_ctrl,7,0
PY1,10^1,37.64583333,1,noCFS_Cat_ctrl,8,0
PY1,10^1,37.64583333,1,noCFS_Cat_ctrl,9,0
PY1,10^1,37.64583333,1,noCFS_Cat_ctrl,10,0
PY1,10^1,37.64583333,1,noCFS_Cat_ctrl,11,0
PY1,10^1,37.64583333,1,noCFS_Cat_ctrl,12,0
PY1,10^1,37.64583333,2,CFS_Cat,1,0.084396177
PY1,10^1,37.64583333,2,CFS_Cat,2,0.94324476
PY1,10^1,37.64583333,2,CFS_Cat,3,0.967692183
PY1,10^1,37.64583333,2,CFS_Cat,4,0.918797338
PY1,10^1,37.64583333,2,CFS_Cat,5,0.083333246
PY1,10^1,37.64583333,2,CFS_Cat,6,1
PY1,10^1,37.64583333,2,CFS_Cat,7,0.879823186
PY1,10^1,37.64583333,2,CFS_Cat,8,0.088647903
PY1,10^1,37.64583333,2,CFS_Cat,9,0.841203344
PY1,10^1,37.64583333,2,CFS_Cat,10,0.884074912
PY1,10^1,37.64583333,2,CFS_Cat,11,0.812504196
PY1,10^1,37.64583333,2,CFS_Cat,12,1
PY1,10^1,37.64583333,2,noCFS_Cat_ctrl,1,0
PY1,10^1,37.64583333,2,noCFS_Cat_ctrl,2,0
PY1,10^1,37.64583333,2,noCFS_Cat_ctrl,3,0
PY1,10^1,37.64583333,2,noCFS_Cat_ctrl,4,0
PY1,10^1,37.64583333,2,noCFS_Cat_ctrl,5,0
PY1,10^1,37.64583333,2,noCFS_Cat_ctrl,6,0
PY1,10^1,37.64583333,2,noCFS_Cat_ctrl,7,0
PY1,10^1,37.64583333,2,noCFS_Cat_ctrl,8,0
PY1,10^1,37.64583333,2,noCFS_Cat_ctrl,9,0
PY1,10^1,37.64583333,2,noCFS_Cat_ctrl,10,0
PY1,10^1,37.64583333,2,noCFS_Cat_ctrl,11,0
PY1,10^1,37.64583333,2,noCFS_Cat_ctrl,12,0
PY1,10^1,37.64583333,3,CFS_Cat,1,0.960605897
PY1,10^1,37.64583333,3,CFS_Cat,2,1
PY1,10^1,37.64583333,3,CFS_Cat,3,1
PY1,10^1,37.64583333,3,CFS_Cat,4,0.779214592
PY1,10^1,37.64583333,3,CFS_Cat,5,0.741932585
PY1,10^1,37.64583333,3,CFS_Cat,6,0.074799745
PY1,10^1,37.64583333,3,CFS_Cat,7,0.979605381
PY1,10^1,37.64583333,3,CFS_Cat,8,0.74408347
PY1,10^1,37.64583333,3,CFS_Cat,9,0.75268701
PY1,10^1,37.64583333,3,CFS_Cat,10,0.901098077
PY1,10^1,37.64583333,3,CFS_Cat,11,0.911494022
PY1,10^1,37.64583333,3,CFS_Cat,12,1
PY1,10^1,37.64583333,3,noCFS_Cat_ctrl,1,0
PY1,10^1,37.64583333,3,noCFS_Cat_ctrl,2,0
PY1,10^1,37.64583333,3,noCFS_Cat_ctrl,3,0
PY1,10^1,37.64583333,3,noCFS_Cat_ctrl,4,0
PY1,10^1,37.64583333,3,noCFS_Cat_ctrl,5,0
PY1,10^1,37.64583333,3,noCFS_Cat_ctrl,6,0
PY1,10^1,37.64583333,3,noCFS_Cat_ctrl,7,0
PY1,10^1,37.64583333,3,noCFS_Cat_ctrl,8,0
PY1,10^1,37.64583333,3,noCFS_Cat_ctrl,9,0
PY1,10^1,37.64583333,3,noCFS_Cat_ctrl,10,0
PY1,10^1,37.64583333,3,noCFS_Cat_ctrl,11,0
PY1,10^1,37.64583333,3,noCFS_Cat_ctrl,12,0
PY1,10^3,37.64583333,1,noCFS_Cat_ctrl,1,0
PY1,10^3,37.64583333,1,noCFS_Cat_ctrl,2,0
PY1,10^3,37.64583333,1,noCFS_Cat_ctrl,3,0.886106025
PY1,10^3,37.64583333,1,noCFS_Cat_ctrl,4,0
PY1,10^3,37.64583333,1,noCFS_Cat_ctrl,5,0
PY1,10^3,37.64583333,1,noCFS_Cat_ctrl,6,0.717071682
PY1,10^3,37.64583333,1,noCFS_Cat_ctrl,7,0
PY1,10^3,37.64583333,1,noCFS_Cat_ctrl,8,0
PY1,10^3,37.64583333,1,noCFS_Cat_ctrl,9,0.526392698
PY1,10^3,37.64583333,1,noCFS_Cat_ctrl,10,0
PY1,10^3,37.64583333,1,noCFS_Cat_ctrl,11,0
PY1,10^3,37.64583333,1,noCFS_Cat_ctrl,12,0
PY1,10^3,37.64583333,2,noCFS_Cat_ctrl,1,0.582393913
PY1,10^3,37.64583333,2,noCFS_Cat_ctrl,2,0
PY1,10^3,37.64583333,2,noCFS_Cat_ctrl,3,0.638738694
PY1,10^3,37.64583333,2,noCFS_Cat_ctrl,4,0.416108096
PY1,10^3,37.64583333,2,noCFS_Cat_ctrl,5,0
PY1,10^3,37.64583333,2,noCFS_Cat_ctrl,6,0
PY1,10^3,37.64583333,2,noCFS_Cat_ctrl,7,0.548380905
PY1,10^3,37.64583333,2,noCFS_Cat_ctrl,8,0.47863706
PY1,10^3,37.64583333,2,noCFS_Cat_ctrl,9,0
PY1,10^3,37.64583333,2,noCFS_Cat_ctrl,10,0
PY1,10^3,37.64583333,2,noCFS_Cat_ctrl,11,0
PY1,10^3,37.64583333,2,noCFS_Cat_ctrl,12,0
PY1,10^3,37.64583333,3,noCFS_Cat_ctrl,1,0
PY1,10^3,37.64583333,3,noCFS_Cat_ctrl,2,0
PY1,10^3,37.64583333,3,noCFS_Cat_ctrl,3,0
PY1,10^3,37.64583333,3,noCFS_Cat_ctrl,4,0
PY1,10^3,37.64583333,3,noCFS_Cat_ctrl,5,0.771355069
PY1,10^3,37.64583333,3,noCFS_Cat_ctrl,6,0
PY1,10^3,37.64583333,3,noCFS_Cat_ctrl,7,0
PY1,10^3,37.64583333,3,noCFS_Cat_ctrl,8,0.004172777
PY1,10^3,37.64583333,3,noCFS_Cat_ctrl,9,0
PY1,10^3,37.64583333,3,noCFS_Cat_ctrl,10,0.366978196
PY1,10^3,37.64583333,3,noCFS_Cat_ctrl,11,0
PY1,10^3,37.64583333,3,noCFS_Cat_ctrl,12,0
PY1,10^5,37.64583333,1,noCFS_Cat_ctrl,1,0.733345315
PY1,10^5,37.64583333,1,noCFS_Cat_ctrl,2,0.798939419
PY1,10^5,37.64583333,1,noCFS_Cat_ctrl,3,0.892383532
PY1,10^5,37.64583333,1,noCFS_Cat_ctrl,4,0.570276175
PY1,10^5,37.64583333,1,noCFS_Cat_ctrl,5,0.661888052
PY1,10^5,37.64583333,1,noCFS_Cat_ctrl,6,0.748369663
PY1,10^5,37.64583333,1,noCFS_Cat_ctrl,7,0.576505783
PY1,10^5,37.64583333,1,noCFS_Cat_ctrl,8,0.671049239
PY1,10^5,37.64583333,1,noCFS_Cat_ctrl,9,0.74580453
PY1,10^5,37.64583333,1,noCFS_Cat_ctrl,10,0.702197277
PY1,10^5,37.64583333,1,noCFS_Cat_ctrl,11,0.783548623
PY1,10^5,37.64583333,1,noCFS_Cat_ctrl,12,0.878458527
PY1,10^5,37.64583333,2,noCFS_Cat_ctrl,1,0.701464382
PY1,10^5,37.64583333,2,noCFS_Cat_ctrl,2,0.746537425
PY1,10^5,37.64583333,2,noCFS_Cat_ctrl,3,0.923898018
PY1,10^5,37.64583333,2,noCFS_Cat_ctrl,4,0.542426165
PY1,10^5,37.64583333,2,noCFS_Cat_ctrl,5,0.629640671
PY1,10^5,37.64583333,2,noCFS_Cat_ctrl,6,0.807734159
PY1,10^5,37.64583333,2,noCFS_Cat_ctrl,7,0.633671594
PY1,10^5,37.64583333,2,noCFS_Cat_ctrl,8,0.57980381
PY1,10^5,37.64583333,2,noCFS_Cat_ctrl,9,0.807734159
PY1,10^5,37.64583333,2,noCFS_Cat_ctrl,10,0.658590024
PY1,10^5,37.64583333,2,noCFS_Cat_ctrl,11,0.692303195
PY1,10^5,37.64583333,2,noCFS_Cat_ctrl,12,0.876992737
PY1,10^5,37.64583333,3,noCFS_Cat_ctrl,1,0.700731487
PY1,10^5,37.64583333,3,noCFS_Cat_ctrl,2,0.785014413
PY1,10^5,37.64583333,3,noCFS_Cat_ctrl,3,0.845844699
PY1,10^5,37.64583333,3,noCFS_Cat_ctrl,4,0.5666117
PY1,10^5,37.64583333,3,noCFS_Cat_ctrl,5,0.655291997
PY1,10^5,37.64583333,3,noCFS_Cat_ctrl,6,0.791610468
PY1,10^5,37.64583333,3,noCFS_Cat_ctrl,7,0.564779463
PY1,10^5,37.64583333,3,noCFS_Cat_ctrl,8,0.662620947
PY1,10^5,37.64583333,3,noCFS_Cat_ctrl,9,0.821292716
PY1,10^5,37.64583333,3,noCFS_Cat_ctrl,10,0.641000544
PY1,10^5,37.64583333,3,noCFS_Cat_ctrl,11,0.736276895
PY1,10^5,37.64583333,3,noCFS_Cat_ctrl,12,0.816528899
PY1,10^3,40.52083333,1,noCFS_Cat_ctrl,1,0
PY1,10^3,40.52083333,1,noCFS_Cat_ctrl,2,0
PY1,10^3,40.52083333,1,noCFS_Cat_ctrl,3,0.960110131
PY1,10^3,40.52083333,1,noCFS_Cat_ctrl,4,0
PY1,10^3,40.52083333,1,noCFS_Cat_ctrl,5,0
PY1,10^3,40.52083333,1,noCFS_Cat_ctrl,6,0.840490765
PY1,10^3,40.52083333,1,noCFS_Cat_ctrl,7,0
PY1,10^3,40.52083333,1,noCFS_Cat_ctrl,8,0
PY1,10^3,40.52083333,1,noCFS_Cat_ctrl,9,0.700603665
PY1,10^3,40.52083333,1,noCFS_Cat_ctrl,10,0
PY1,10^3,40.52083333,1,noCFS_Cat_ctrl,11,0
PY1,10^3,40.52083333,1,noCFS_Cat_ctrl,12,0
PY1,10^3,40.52083333,2,noCFS_Cat_ctrl,1,0.710936235
PY1,10^3,40.52083333,2,noCFS_Cat_ctrl,2,0
PY1,10^3,40.52083333,2,noCFS_Cat_ctrl,3,0.852412961
PY1,10^3,40.52083333,2,noCFS_Cat_ctrl,4,0.518194067
PY1,10^3,40.52083333,2,noCFS_Cat_ctrl,5,0
PY1,10^3,40.52083333,2,noCFS_Cat_ctrl,6,0
PY1,10^3,40.52083333,2,noCFS_Cat_ctrl,7,0.722461025
PY1,10^3,40.52083333,2,noCFS_Cat_ctrl,8,0.689873689
PY1,10^3,40.52083333,2,noCFS_Cat_ctrl,9,0
PY1,10^3,40.52083333,2,noCFS_Cat_ctrl,10,0
PY1,10^3,40.52083333,2,noCFS_Cat_ctrl,11,0
PY1,10^3,40.52083333,2,noCFS_Cat_ctrl,12,0
PY1,10^3,40.52083333,3,noCFS_Cat_ctrl,1,0.01348777
PY1,10^3,40.52083333,3,noCFS_Cat_ctrl,2,0
PY1,10^3,40.52083333,3,noCFS_Cat_ctrl,3,0
PY1,10^3,40.52083333,3,noCFS_Cat_ctrl,4,0
PY1,10^3,40.52083333,3,noCFS_Cat_ctrl,5,0.928317609
PY1,10^3,40.52083333,3,noCFS_Cat_ctrl,6,0
PY1,10^3,40.52083333,3,noCFS_Cat_ctrl,7,0
PY1,10^3,40.52083333,3,noCFS_Cat_ctrl,8,0
PY1,10^3,40.52083333,3,noCFS_Cat_ctrl,9,0
PY1,10^3,40.52083333,3,noCFS_Cat_ctrl,10,0.54879437
PY1,10^3,40.52083333,3,noCFS_Cat_ctrl,11,0
PY1,10^3,40.52083333,3,noCFS_Cat_ctrl,12,0
PY1,10^1,40.52083333,1,CFS_Cat,1,0.959016883
PY1,10^1,40.52083333,1,CFS_Cat,2,0.819129237
PY1,10^1,40.52083333,1,CFS_Cat,3,0.927304318
PY1,10^1,40.52083333,1,CFS_Cat,4,0.970292461
PY1,10^1,40.52083333,1,CFS_Cat,5,0.849432354
PY1,10^1,40.52083333,1,CFS_Cat,6,0.832871349
PY1,10^1,40.52083333,1,CFS_Cat,7,0.993900704
PY1,10^1,40.52083333,1,CFS_Cat,8,0.785654864
PY1,10^1,40.52083333,1,CFS_Cat,9,0.840975671
PY1,10^1,40.52083333,1,CFS_Cat,10,1
PY1,10^1,40.52083333,1,CFS_Cat,11,0.966768843
PY1,10^1,40.52083333,1,CFS_Cat,12,0.954436179
PY1,10^1,40.52083333,2,CFS_Cat,1,0.077055228
PY1,10^1,40.52083333,2,CFS_Cat,2,0.928713766
PY1,10^1,40.52083333,2,CFS_Cat,3,0.96042633
PY1,10^1,40.52083333,2,CFS_Cat,4,0.945979495
PY1,10^1,40.52083333,2,CFS_Cat,5,0.081635932
PY1,10^1,40.52083333,2,CFS_Cat,6,1
PY1,10^1,40.52083333,2,CFS_Cat,7,0.895944116
PY1,10^1,40.52083333,2,CFS_Cat,8,0.083750103
PY1,10^1,40.52083333,2,CFS_Cat,9,0.906162609
PY1,10^1,40.52083333,2,CFS_Cat,10,0.924133062
PY1,10^1,40.52083333,2,CFS_Cat,11,0.889249241
PY1,10^1,40.52083333,2,CFS_Cat,12,1
PY1,10^1,40.52083333,3,CFS_Cat,1,1
PY1,10^1,40.52083333,3,CFS_Cat,2,1
PY1,10^1,40.52083333,3,CFS_Cat,3,1
PY1,10^1,40.52083333,3,CFS_Cat,4,0.789883206
PY1,10^1,40.52083333,3,CFS_Cat,5,0.772617476
PY1,10^1,40.52083333,3,CFS_Cat,6,0.087273721
PY1,10^1,40.52083333,3,CFS_Cat,7,1
PY1,10^1,40.52083333,3,CFS_Cat,8,0.78107416
PY1,10^1,40.52083333,3,CFS_Cat,9,0.852955973
PY1,10^1,40.52083333,3,CFS_Cat,10,0.9237807
PY1,10^1,40.52083333,3,CFS_Cat,11,0.951617284
PY1,10^1,40.52083333,3,CFS_Cat,12,1
PY1,10^1,44.70833333,1,CFS_Cat,1,1
PY1,10^1,44.70833333,1,CFS_Cat,2,0.950167586
PY1,10^1,44.70833333,1,CFS_Cat,3,1
PY1,10^1,44.70833333,1,CFS_Cat,4,1
PY1,10^1,44.70833333,1,CFS_Cat,5,0.920772217
PY1,10^1,44.70833333,1,CFS_Cat,6,0.887481076
PY1,10^1,44.70833333,1,CFS_Cat,7,1
PY1,10^1,44.70833333,1,CFS_Cat,8,0.847815036
PY1,10^1,44.70833333,1,CFS_Cat,9,0.900939197
PY1,10^1,44.70833333,1,CFS_Cat,10,1
PY1,10^1,44.70833333,1,CFS_Cat,11,1
PY1,10^1,44.70833333,1,CFS_Cat,12,1
PY1,10^1,44.70833333,2,CFS_Cat,1,0.082827112
PY1,10^1,44.70833333,2,CFS_Cat,2,1
PY1,10^1,44.70833333,2,CFS_Cat,3,1
PY1,10^1,44.70833333,2,CFS_Cat,4,1
PY1,10^1,44.70833333,2,CFS_Cat,5,0.088139528
PY1,10^1,44.70833333,2,CFS_Cat,6,1
PY1,10^1,44.70833333,2,CFS_Cat,7,0.958667452
PY1,10^1,44.70833333,2,CFS_Cat,8,0.07893134
PY1,10^1,44.70833333,2,CFS_Cat,9,1
PY1,10^1,44.70833333,2,CFS_Cat,10,1
PY1,10^1,44.70833333,2,CFS_Cat,11,0.939188593
PY1,10^1,44.70833333,2,CFS_Cat,12,1
PY1,10^1,44.70833333,3,CFS_Cat,1,1
PY1,10^1,44.70833333,3,CFS_Cat,2,1
PY1,10^1,44.70833333,3,CFS_Cat,3,1
PY1,10^1,44.70833333,3,CFS_Cat,4,0.897751747
PY1,10^1,44.70833333,3,CFS_Cat,5,0.82302376
PY1,10^1,44.70833333,3,CFS_Cat,6,0.094514428
PY1,10^1,44.70833333,3,CFS_Cat,7,1
PY1,10^1,44.70833333,3,CFS_Cat,8,0.79008678
PY1,10^1,44.70833333,3,CFS_Cat,9,0.947688459
PY1,10^1,44.70833333,3,CFS_Cat,10,1
PY1,10^1,44.70833333,3,CFS_Cat,11,1
PY1,10^1,44.70833333,3,CFS_Cat,12,1
PY1,10^3,44.70833333,1,noCFS_Cat_ctrl,1,0
PY1,10^3,44.70833333,1,noCFS_Cat_ctrl,2,0
PY1,10^3,44.70833333,1,noCFS_Cat_ctrl,3,1
PY1,10^3,44.70833333,1,noCFS_Cat_ctrl,4,0
PY1,10^3,44.70833333,1,noCFS_Cat_ctrl,5,0
PY1,10^3,44.70833333,1,noCFS_Cat_ctrl,6,1
PY1,10^3,44.70833333,1,noCFS_Cat_ctrl,7,0
PY1,10^3,44.70833333,1,noCFS_Cat_ctrl,8,0
PY1,10^3,44.70833333,1,noCFS_Cat_ctrl,9,0.968028908
PY1,10^3,44.70833333,1,noCFS_Cat_ctrl,10,0
PY1,10^3,44.70833333,1,noCFS_Cat_ctrl,11,0
PY1,10^3,44.70833333,1,noCFS_Cat_ctrl,12,0
PY1,10^3,44.70833333,2,noCFS_Cat_ctrl,1,0.911001488
PY1,10^3,44.70833333,2,noCFS_Cat_ctrl,2,0
PY1,10^3,44.70833333,2,noCFS_Cat_ctrl,3,1
PY1,10^3,44.70833333,2,noCFS_Cat_ctrl,4,0.661816459
PY1,10^3,44.70833333,2,noCFS_Cat_ctrl,5,0
PY1,10^3,44.70833333,2,noCFS_Cat_ctrl,6,0
PY1,10^3,44.70833333,2,noCFS_Cat_ctrl,7,0.893645317
PY1,10^3,44.70833333,2,noCFS_Cat_ctrl,8,0.883727505
PY1,10^3,44.70833333,2,noCFS_Cat_ctrl,9,0
PY1,10^3,44.70833333,2,noCFS_Cat_ctrl,10,0
PY1,10^3,44.70833333,2,noCFS_Cat_ctrl,11,0
PY1,10^3,44.70833333,2,noCFS_Cat_ctrl,12,0
PY1,10^3,44.70833333,3,noCFS_Cat_ctrl,1,0.133692964
PY1,10^3,44.70833333,3,noCFS_Cat_ctrl,2,0
PY1,10^3,44.70833333,3,noCFS_Cat_ctrl,3,0
PY1,10^3,44.70833333,3,noCFS_Cat_ctrl,4,0
PY1,10^3,44.70833333,3,noCFS_Cat_ctrl,5,1
PY1,10^3,44.70833333,3,noCFS_Cat_ctrl,6,0
PY1,10^3,44.70833333,3,noCFS_Cat_ctrl,7,0
PY1,10^3,44.70833333,3,noCFS_Cat_ctrl,8,0
PY1,10^3,44.70833333,3,noCFS_Cat_ctrl,9,0
PY1,10^3,44.70833333,3,noCFS_Cat_ctrl,10,0.777111025
PY1,10^3,44.70833333,3,noCFS_Cat_ctrl,11,0
PY1,10^3,44.70833333,3,noCFS_Cat_ctrl,12,0
PY1,10^3,48.70833333,1,noCFS_Cat_ctrl,1,0
PY1,10^3,48.70833333,1,noCFS_Cat_ctrl,2,0
PY1,10^3,48.70833333,1,noCFS_Cat_ctrl,3,1
PY1,10^3,48.70833333,1,noCFS_Cat_ctrl,4,0
PY1,10^3,48.70833333,1,noCFS_Cat_ctrl,5,0
PY1,10^3,48.70833333,1,noCFS_Cat_ctrl,6,1
PY1,10^3,48.70833333,1,noCFS_Cat_ctrl,7,0
PY1,10^3,48.70833333,1,noCFS_Cat_ctrl,8,0
PY1,10^3,48.70833333,1,noCFS_Cat_ctrl,9,1
PY1,10^3,48.70833333,1,noCFS_Cat_ctrl,10,0
PY1,10^3,48.70833333,1,noCFS_Cat_ctrl,11,0
PY1,10^3,48.70833333,1,noCFS_Cat_ctrl,12,0
PY1,10^3,48.70833333,2,noCFS_Cat_ctrl,1,0.908405149
PY1,10^3,48.70833333,2,noCFS_Cat_ctrl,2,0
PY1,10^3,48.70833333,2,noCFS_Cat_ctrl,3,1
PY1,10^3,48.70833333,2,noCFS_Cat_ctrl,4,0.731926113
PY1,10^3,48.70833333,2,noCFS_Cat_ctrl,5,0.035479578
PY1,10^3,48.70833333,2,noCFS_Cat_ctrl,6,0
PY1,10^3,48.70833333,2,noCFS_Cat_ctrl,7,0.843409211
PY1,10^3,48.70833333,2,noCFS_Cat_ctrl,8,1
PY1,10^3,48.70833333,2,noCFS_Cat_ctrl,9,0.033757832
PY1,10^3,48.70833333,2,noCFS_Cat_ctrl,10,0
PY1,10^3,48.70833333,2,noCFS_Cat_ctrl,11,0
PY1,10^3,48.70833333,2,noCFS_Cat_ctrl,12,0
PY1,10^3,48.70833333,3,noCFS_Cat_ctrl,1,0.308806865
PY1,10^3,48.70833333,3,noCFS_Cat_ctrl,2,0
PY1,10^3,48.70833333,3,noCFS_Cat_ctrl,3,0
PY1,10^3,48.70833333,3,noCFS_Cat_ctrl,4,0
PY1,10^3,48.70833333,3,noCFS_Cat_ctrl,5,1
PY1,10^3,48.70833333,3,noCFS_Cat_ctrl,6,0
PY1,10^3,48.70833333,3,noCFS_Cat_ctrl,7,0
PY1,10^3,48.70833333,3,noCFS_Cat_ctrl,8,0
PY1,10^3,48.70833333,3,noCFS_Cat_ctrl,9,0
PY1,10^3,48.70833333,3,noCFS_Cat_ctrl,10,0.864931045
PY1,10^3,48.70833333,3,noCFS_Cat_ctrl,11,0
PY1,10^3,48.70833333,3,noCFS_Cat_ctrl,12,0
PY1,10^1,48.70833333,1,noCFS_Cat_ctrl,1,0
PY1,10^1,48.70833333,1,noCFS_Cat_ctrl,2,0
PY1,10^1,48.70833333,1,noCFS_Cat_ctrl,3,0
PY1,10^1,48.70833333,1,noCFS_Cat_ctrl,4,0
PY1,10^1,48.70833333,1,noCFS_Cat_ctrl,5,0
PY1,10^1,48.70833333,1,noCFS_Cat_ctrl,6,0
PY1,10^1,48.70833333,1,noCFS_Cat_ctrl,7,0
PY1,10^1,48.70833333,1,noCFS_Cat_ctrl,8,0
PY1,10^1,48.70833333,1,noCFS_Cat_ctrl,9,0
PY1,10^1,48.70833333,1,noCFS_Cat_ctrl,10,0
PY1,10^1,48.70833333,1,noCFS_Cat_ctrl,11,0
PY1,10^1,48.70833333,1,noCFS_Cat_ctrl,12,0
PY1,10^1,48.70833333,2,noCFS_Cat_ctrl,1,0
PY1,10^1,48.70833333,2,noCFS_Cat_ctrl,2,0
PY1,10^1,48.70833333,2,noCFS_Cat_ctrl,3,0
PY1,10^1,48.70833333,2,noCFS_Cat_ctrl,4,0
PY1,10^1,48.70833333,2,noCFS_Cat_ctrl,5,0
PY1,10^1,48.70833333,2,noCFS_Cat_ctrl,6,0
PY1,10^1,48.70833333,2,noCFS_Cat_ctrl,7,0
PY1,10^1,48.70833333,2,noCFS_Cat_ctrl,8,0
PY1,10^1,48.70833333,2,noCFS_Cat_ctrl,9,0
PY1,10^1,48.70833333,2,noCFS_Cat_ctrl,10,0
PY1,10^1,48.70833333,2,noCFS_Cat_ctrl,11,0
PY1,10^1,48.70833333,2,noCFS_Cat_ctrl,12,0
PY1,10^1,48.70833333,3,noCFS_Cat_ctrl,1,0
PY1,10^1,48.70833333,3,noCFS_Cat_ctrl,2,0
PY1,10^1,48.70833333,3,noCFS_Cat_ctrl,3,0
PY1,10^1,48.70833333,3,noCFS_Cat_ctrl,4,0
PY1,10^1,48.70833333,3,noCFS_Cat_ctrl,5,0
PY1,10^1,48.70833333,3,noCFS_Cat_ctrl,6,0
PY1,10^1,48.70833333,3,noCFS_Cat_ctrl,7,0
PY1,10^1,48.70833333,3,noCFS_Cat_ctrl,8,0
PY1,10^1,48.70833333,3,noCFS_Cat_ctrl,9,0
PY1,10^1,48.70833333,3,noCFS_Cat_ctrl,10,0
PY1,10^1,48.70833333,3,noCFS_Cat_ctrl,11,0
PY1,10^1,48.70833333,3,noCFS_Cat_ctrl,12,0
PY1,10^1,48.70833333,1,CFS_Cat,1,1
PY1,10^1,48.70833333,1,CFS_Cat,2,1
PY1,10^1,48.70833333,1,CFS_Cat,3,1
PY1,10^1,48.70833333,1,CFS_Cat,4,1
PY1,10^1,48.70833333,1,CFS_Cat,5,0.929641674
PY1,10^1,48.70833333,1,CFS_Cat,6,0.953388496
PY1,10^1,48.70833333,1,CFS_Cat,7,1
PY1,10^1,48.70833333,1,CFS_Cat,8,0.874704997
PY1,10^1,48.70833333,1,CFS_Cat,9,0.919008769
PY1,10^1,48.70833333,1,CFS_Cat,10,1
PY1,10^1,48.70833333,1,CFS_Cat,11,1
PY1,10^1,48.70833333,1,CFS_Cat,12,1
PY1,10^1,48.70833333,2,CFS_Cat,1,0.094604178
PY1,10^1,48.70833333,2,CFS_Cat,2,1
PY1,10^1,48.70833333,2,CFS_Cat,3,1
PY1,10^1,48.70833333,2,CFS_Cat,4,1
PY1,10^1,48.70833333,2,CFS_Cat,5,0.103819362
PY1,10^1,48.70833333,2,CFS_Cat,6,1
PY1,10^1,48.70833333,2,CFS_Cat,7,1
PY1,10^1,48.70833333,2,CFS_Cat,8,0.09885734
PY1,10^1,48.70833333,2,CFS_Cat,9,1
PY1,10^1,48.70833333,2,CFS_Cat,10,1
PY1,10^1,48.70833333,2,CFS_Cat,11,1
PY1,10^1,48.70833333,2,CFS_Cat,12,1
PY1,10^1,48.70833333,3,CFS_Cat,1,1
PY1,10^1,48.70833333,3,CFS_Cat,2,1
PY1,10^1,48.70833333,3,CFS_Cat,3,1
PY1,10^1,48.70833333,3,CFS_Cat,4,0.920072059
PY1,10^1,48.70833333,3,CFS_Cat,5,0.890299924
PY1,10^1,48.70833333,3,CFS_Cat,6,0.096376329
PY1,10^1,48.70833333,3,CFS_Cat,7,1
PY1,10^1,48.70833333,3,CFS_Cat,8,0.852730326
PY1,10^1,48.70833333,3,CFS_Cat,9,1
PY1,10^1,48.70833333,3,CFS_Cat,10,1
PY1,10^1,48.70833333,3,CFS_Cat,11,1
PY1,10^1,48.70833333,3,CFS_Cat,12,1
PY1,10^0,48.70833333,1,CFS_Cat,1,0.080159646
PY1,10^0,48.70833333,1,CFS_Cat,2,0.08051623
PY1,10^0,48.70833333,1,CFS_Cat,3,0.077306969
PY1,10^0,48.70833333,1,CFS_Cat,4,0.079446476
PY1,10^0,48.70833333,1,CFS_Cat,5,0.07588063
PY1,10^0,48.70833333,1,CFS_Cat,6,0.093353277
PY1,10^0,48.70833333,1,CFS_Cat,7,0.079803061
PY1,10^0,48.70833333,1,CFS_Cat,8,0.079446476
PY1,10^0,48.70833333,1,CFS_Cat,9,0.081942569
PY1,10^0,48.70833333,1,CFS_Cat,10,0.082299153
PY1,10^0,48.70833333,1,CFS_Cat,11,0.077306969
PY1,10^0,48.70833333,1,CFS_Cat,12,0.083725492
PY1,10^0,48.70833333,2,CFS_Cat,1,0.077663553
PY1,10^0,48.70833333,2,CFS_Cat,2,0.104763984
PY1,10^0,48.70833333,2,CFS_Cat,3,0.086221584
PY1,10^0,48.70833333,2,CFS_Cat,4,0.076237215
PY1,10^0,48.70833333,2,CFS_Cat,5,0.079803061
PY1,10^0,48.70833333,2,CFS_Cat,6,0.074097707
PY1,10^0,48.70833333,2,CFS_Cat,7,0.078733307
PY1,10^0,48.70833333,2,CFS_Cat,8,0.077663553
PY1,10^0,48.70833333,2,CFS_Cat,9,0.074454292
PY1,10^0,48.70833333,2,CFS_Cat,10,0.077663553
PY1,10^0,48.70833333,2,CFS_Cat,11,0.07588063
PY1,10^0,48.70833333,2,CFS_Cat,12,0.078376723
PY1,10^0,48.70833333,3,CFS_Cat,1,0.082655738
PY1,10^0,48.70833333,3,CFS_Cat,2,0.082655738
PY1,10^0,48.70833333,3,CFS_Cat,3,0.079089892
PY1,10^0,48.70833333,3,CFS_Cat,4,0.083012323
PY1,10^0,48.70833333,3,CFS_Cat,5,0.079446476
PY1,10^0,48.70833333,3,CFS_Cat,6,0.084438661
PY1,10^0,48.70833333,3,CFS_Cat,7,0.070888446
PY1,10^0,48.70833333,3,CFS_Cat,8,0.065896261
PY1,10^0,48.70833333,3,CFS_Cat,9,0.084082076
PY1,10^0,48.70833333,3,CFS_Cat,10,0.074810876
PY1,10^0,48.70833333,3,CFS_Cat,11,0.076950384
PY1,10^0,48.70833333,3,CFS_Cat,12,0.075524046
PY1,10^3,56.625,1,noCFS_Cat_ctrl,1,0
PY1,10^3,56.625,1,noCFS_Cat_ctrl,2,0
PY1,10^3,56.625,1,noCFS_Cat_ctrl,3,1
PY1,10^3,56.625,1,noCFS_Cat_ctrl,4,0
PY1,10^3,56.625,1,noCFS_Cat_ctrl,5,0
PY1,10^3,56.625,1,noCFS_Cat_ctrl,6,1
PY1,10^3,56.625,1,noCFS_Cat_ctrl,7,0
PY1,10^3,56.625,1,noCFS_Cat_ctrl,8,0
PY1,10^3,56.625,1,noCFS_Cat_ctrl,9,1
PY1,10^3,56.625,1,noCFS_Cat_ctrl,10,0
PY1,10^3,56.625,1,noCFS_Cat_ctrl,11,0
PY1,10^3,56.625,1,noCFS_Cat_ctrl,12,0
PY1,10^3,56.625,2,noCFS_Cat_ctrl,1,0.907957824
PY1,10^3,56.625,2,noCFS_Cat_ctrl,2,0
PY1,10^3,56.625,2,noCFS_Cat_ctrl,3,1
PY1,10^3,56.625,2,noCFS_Cat_ctrl,4,0.785452143
PY1,10^3,56.625,2,noCFS_Cat_ctrl,5,0.226810732
PY1,10^3,56.625,2,noCFS_Cat_ctrl,6,0
PY1,10^3,56.625,2,noCFS_Cat_ctrl,7,0.874229994
PY1,10^3,56.625,2,noCFS_Cat_ctrl,8,1
PY1,10^3,56.625,2,noCFS_Cat_ctrl,9,0.445072435
PY1,10^3,56.625,2,noCFS_Cat_ctrl,10,0
PY1,10^3,56.625,2,noCFS_Cat_ctrl,11,0.05545785
PY1,10^3,56.625,2,noCFS_Cat_ctrl,12,0
PY1,10^3,56.625,3,noCFS_Cat_ctrl,1,0.606345737
PY1,10^3,56.625,3,noCFS_Cat_ctrl,2,0
PY1,10^3,56.625,3,noCFS_Cat_ctrl,3,0
PY1,10^3,56.625,3,noCFS_Cat_ctrl,4,0
PY1,10^3,56.625,3,noCFS_Cat_ctrl,5,1
PY1,10^3,56.625,3,noCFS_Cat_ctrl,6,0
PY1,10^3,56.625,3,noCFS_Cat_ctrl,7,0
PY1,10^3,56.625,3,noCFS_Cat_ctrl,8,2.02E-05
PY1,10^3,56.625,3,noCFS_Cat_ctrl,9,0
PY1,10^3,56.625,3,noCFS_Cat_ctrl,10,0.921526491
PY1,10^3,56.625,3,noCFS_Cat_ctrl,11,0
PY1,10^3,56.625,3,noCFS_Cat_ctrl,12,0.017465582
PY1,10^1,56.625,1,CFS_Cat,1,1
PY1,10^1,56.625,1,CFS_Cat,2,1
PY1,10^1,56.625,1,CFS_Cat,3,1
PY1,10^1,56.625,1,CFS_Cat,4,1
PY1,10^1,56.625,1,CFS_Cat,5,0.966611001
PY1,10^1,56.625,1,CFS_Cat,6,1
PY1,10^1,56.625,1,CFS_Cat,7,1
PY1,10^1,56.625,1,CFS_Cat,8,0.896689069
PY1,10^1,56.625,1,CFS_Cat,9,0.965501129
PY1,10^1,56.625,1,CFS_Cat,10,1
PY1,10^1,56.625,1,CFS_Cat,11,1
PY1,10^1,56.625,1,CFS_Cat,12,1
PY1,10^1,56.625,2,CFS_Cat,1,0.087962374
PY1,10^1,56.625,2,CFS_Cat,2,1
PY1,10^1,56.625,2,CFS_Cat,3,1
PY1,10^1,56.625,2,CFS_Cat,4,1
PY1,10^1,56.625,2,CFS_Cat,5,0.113859386
PY1,10^1,56.625,2,CFS_Cat,6,1
PY1,10^1,56.625,2,CFS_Cat,7,1
PY1,10^1,56.625,2,CFS_Cat,8,0.092401862
PY1,10^1,56.625,2,CFS_Cat,9,1
PY1,10^1,56.625,2,CFS_Cat,10,1
PY1,10^1,56.625,2,CFS_Cat,11,1
PY1,10^1,56.625,2,CFS_Cat,12,1
PY1,10^1,56.625,3,CFS_Cat,1,1
PY1,10^1,56.625,3,CFS_Cat,2,1
PY1,10^1,56.625,3,CFS_Cat,3,1
PY1,10^1,56.625,3,CFS_Cat,4,1
PY1,10^1,56.625,3,CFS_Cat,5,0.928505398
PY1,10^1,56.625,3,CFS_Cat,6,0.09536152
PY1,10^1,56.625,3,CFS_Cat,7,1
PY1,10^1,56.625,3,CFS_Cat,8,0.850814361
PY1,10^1,56.625,3,CFS_Cat,9,1
PY1,10^1,56.625,3,CFS_Cat,10,1
PY1,10^1,56.625,3,CFS_Cat,11,1
PY1,10^1,56.625,3,CFS_Cat,12,1